test-1	False	True
test-2	False	True
test-3	False	True
test-4	False	True
test-5	True	False
test-6	False	True
test-7	False	True
test-8	False	True
test-9	False	True
test-10	False	True
test-11	False	True
test-12	False	True
test-13	False	True
test-14	False	True
test-15	False	True
test-16	True	False
test-17	False	True
test-18	False	True
test-19	False	True
test-20	False	True
test-21	False	True
test-22	False	True
test-23	False	True
test-24	False	True
test-25	False	True
test-26	False	True
test-27	False	True
test-28	True	False
test-29	False	True
test-30	False	True
test-31	False	True
test-32	False	True
test-33	False	True
test-34	True	False
test-35	False	True
test-36	False	True
test-37	False	True
test-38	False	True
test-39	False	True
test-40	False	True
test-41	True	False
test-42	True	False
test-43	False	True
test-44	False	True
test-45	False	True
test-46	False	True
test-47	False	True
test-48	False	True
test-49	False	True
test-50	False	True
test-51	False	True
test-52	False	True
test-53	False	True
test-54	True	False
test-55	False	True
test-56	False	True
test-57	False	True
test-58	False	True
test-59	False	True
test-60	False	True
test-61	False	True
test-62	False	True
test-63	False	True
test-64	False	True
test-65	True	False
test-66	False	True
test-67	False	True
test-68	False	True
test-69	False	True
test-70	False	True
test-71	True	False
test-72	True	False
test-73	True	False
test-74	False	True
test-75	False	True
test-76	False	True
test-77	False	True
test-78	True	False
test-79	False	True
test-80	False	True
test-81	False	True
test-82	False	True
test-83	False	True
test-84	True	False
test-85	True	False
test-86	False	True
test-87	True	False
test-88	False	True
test-89	False	True
test-90	False	True
test-91	False	True
test-92	False	True
test-93	False	True
test-94	False	True
test-95	True	False
test-96	False	True
test-97	False	True
test-98	False	True
test-99	True	False
test-100	False	True
test-101	False	True
test-102	False	True
test-103	False	True
test-104	False	True
test-105	False	True
test-106	False	True
test-107	False	True
test-108	False	True
test-109	False	True
test-110	False	True
test-111	False	True
test-112	False	True
test-113	False	True
test-114	False	True
test-115	False	True
test-116	False	True
test-117	False	True
test-118	False	True
test-119	False	True
test-120	False	True
test-121	False	True
test-122	False	True
test-123	False	True
test-124	False	True
test-125	True	False
test-126	False	True
test-127	True	False
test-128	False	True
test-129	False	True
test-130	False	True
test-131	False	True
test-132	False	True
test-133	False	True
test-134	False	True
test-135	True	False
test-136	False	True
test-137	False	True
test-138	False	True
test-139	False	True
test-140	False	True
test-141	True	False
test-142	False	True
test-143	False	True
test-144	False	True
test-145	False	True
test-146	False	True
test-147	False	True
test-148	False	True
test-149	False	True
test-150	False	True
test-151	False	True
test-152	False	True
test-153	False	True
test-154	False	True
test-155	False	True
test-156	False	True
test-157	False	True
test-158	True	False
test-159	True	False
test-160	False	True
test-161	False	True
test-162	False	True
test-163	False	True
test-164	False	True
test-165	False	True
test-166	True	False
test-167	False	True
test-168	False	True
test-169	False	True
test-170	False	True
test-171	False	True
test-172	False	True
test-173	True	False
test-174	False	True
test-175	False	True
test-176	False	True
test-177	False	True
test-178	False	True
test-179	False	True
test-180	False	True
test-181	False	True
test-182	False	True
test-183	True	False
test-184	False	True
test-185	True	False
test-186	False	True
test-187	False	True
test-188	True	False
test-189	False	True
test-190	False	True
test-191	False	True
test-192	False	True
test-193	False	True
test-194	False	True
test-195	False	True
test-196	False	True
test-197	False	True
test-198	False	True
test-199	False	True
test-200	False	True
test-201	False	True
test-202	False	True
test-203	False	True
test-204	False	True
test-205	False	True
test-206	True	False
test-207	False	True
test-208	True	False
test-209	False	True
test-210	False	True
test-211	False	True
test-212	True	False
test-213	False	True
test-214	False	True
test-215	False	True
test-216	False	True
test-217	False	True
test-218	False	True
test-219	False	True
test-220	False	True
test-221	False	True
test-222	False	True
test-223	False	True
test-224	False	True
test-225	True	False
test-226	False	True
test-227	True	False
test-228	False	True
test-229	False	True
test-230	False	True
test-231	False	True
test-232	True	False
test-233	False	True
test-234	False	True
test-235	False	True
test-236	True	False
test-237	False	True
test-238	True	False
test-239	False	True
test-240	False	True
test-241	False	True
test-242	False	True
test-243	True	False
test-244	True	False
test-245	False	True
test-246	False	True
test-247	False	True
test-248	False	True
test-249	False	True
test-250	False	True
test-251	False	True
test-252	True	False
test-253	False	True
test-254	False	True
test-255	False	True
test-256	False	True
test-257	False	True
test-258	False	True
test-259	False	True
test-260	False	True
test-261	False	True
test-262	False	True
test-263	False	True
test-264	False	True
test-265	False	True
test-266	False	True
test-267	False	True
test-268	False	True
test-269	True	False
test-270	False	True
test-271	False	True
test-272	False	True
test-273	False	True
test-274	False	True
test-275	False	True
test-276	False	True
test-277	False	True
test-278	False	True
test-279	False	True
test-280	True	False
test-281	False	True
test-282	True	False
test-283	False	True
test-284	False	True
test-285	False	True
test-286	False	True
test-287	False	True
test-288	False	True
test-289	False	True
test-290	False	True
test-291	False	True
test-292	True	False
test-293	False	True
test-294	False	True
test-295	False	True
test-296	True	False
test-297	True	False
test-298	True	False
test-299	False	True
test-300	False	True
test-301	False	True
test-302	False	True
test-303	False	True
test-304	False	True
test-305	False	True
test-306	False	True
test-307	True	False
test-308	False	True
test-309	False	True
test-310	False	True
test-311	False	True
test-312	False	True
test-313	True	False
test-314	False	True
test-315	False	True
test-316	False	True
test-317	False	True
test-318	True	False
test-319	False	True
test-320	True	False
test-321	True	False
test-322	False	True
test-323	False	True
test-324	False	True
test-325	False	True
test-326	False	True
test-327	True	False
test-328	True	False
test-329	False	True
test-330	False	True
test-331	False	True
test-332	False	True
test-333	True	False
test-334	False	True
test-335	False	True
test-336	False	True
test-337	False	True
test-338	False	True
test-339	False	True
test-340	False	True
test-341	False	True
test-342	False	True
test-343	True	False
test-344	False	True
test-345	False	True
test-346	False	True
test-347	False	True
test-348	False	True
test-349	False	True
test-350	True	False
test-351	False	True
test-352	False	True
test-353	False	True
test-354	False	True
test-355	False	True
test-356	False	True
test-357	False	True
test-358	False	True
test-359	False	True
test-360	False	True
test-361	True	False
test-362	False	True
test-363	True	False
test-364	True	False
test-365	False	True
test-366	True	False
test-367	False	True
test-368	False	True
test-369	True	False
test-370	True	False
test-371	True	False
test-372	True	False
test-373	True	False
test-374	False	True
test-375	False	True
test-376	False	True
test-377	False	True
test-378	False	True
test-379	False	True
test-380	False	True
test-381	False	True
test-382	False	True
test-383	False	True
test-384	False	True
test-385	True	False
test-386	True	False
test-387	False	True
test-388	True	False
test-389	False	True
test-390	False	True
test-391	True	False
test-392	False	True
test-393	False	True
test-394	False	True
test-395	False	True
test-396	False	True
test-397	False	True
test-398	False	True
test-399	True	False
test-400	False	True
test-401	False	True
test-402	False	True
test-403	False	True
test-404	False	True
test-405	False	True
test-406	False	True
test-407	False	True
test-408	False	True
test-409	False	True
test-410	False	True
test-411	False	True
test-412	False	True
test-413	False	True
test-414	False	True
test-415	False	True
test-416	True	False
test-417	False	True
test-418	False	True
test-419	False	True
test-420	False	True
test-421	False	True
test-422	False	True
test-423	True	False
test-424	True	False
test-425	False	True
test-426	False	True
test-427	False	True
test-428	False	True
test-429	False	True
test-430	False	True
test-431	True	False
test-432	False	True
test-433	False	True
test-434	False	True
test-435	False	True
test-436	False	True
test-437	False	True
test-438	True	False
test-439	True	False
test-440	False	True
test-441	False	True
test-442	False	True
test-443	False	True
test-444	False	True
test-445	False	True
test-446	False	True
test-447	False	True
test-448	False	True
test-449	False	True
test-450	False	True
test-451	True	False
test-452	False	True
test-453	True	False
test-454	False	True
test-455	False	True
test-456	False	True
test-457	False	True
test-458	False	True
test-459	False	True
test-460	False	True
test-461	False	True
test-462	False	True
test-463	False	True
test-464	False	True
test-465	False	True
test-466	False	True
test-467	False	True
test-468	False	True
test-469	False	True
test-470	False	True
test-471	False	True
test-472	False	True
test-473	True	False
test-474	False	True
test-475	False	True
test-476	False	True
test-477	False	True
test-478	False	True
test-479	False	True
test-480	False	True
test-481	False	True
test-482	False	True
test-483	False	True
test-484	True	False
test-485	False	True
test-486	False	True
test-487	True	False
test-488	False	True
test-489	False	True
test-490	False	True
test-491	False	True
test-492	False	True
test-493	False	True
test-494	False	True
test-495	True	False
test-496	False	True
test-497	False	True
test-498	True	False
test-499	True	False
test-500	False	True
test-501	False	True
test-502	False	True
test-503	False	True
test-504	False	True
test-505	False	True
test-506	False	True
test-507	False	True
test-508	False	True
test-509	False	True
test-510	False	True
test-511	False	True
test-512	False	True
test-513	False	True
test-514	True	False
test-515	False	True
test-516	False	True
test-517	False	True
test-518	False	True
test-519	False	True
test-520	False	True
test-521	True	False
test-522	False	True
test-523	False	True
test-524	False	True
test-525	False	True
test-526	False	True
test-527	False	True
test-528	True	False
test-529	False	True
test-530	True	False
test-531	True	False
test-532	False	True
test-533	True	False
test-534	False	True
test-535	True	False
test-536	False	True
test-537	True	False
test-538	False	True
test-539	False	True
test-540	False	True
test-541	False	True
test-542	False	True
test-543	False	True
test-544	False	True
test-545	False	True
test-546	True	False
test-547	True	False
test-548	False	True
test-549	False	True
test-550	False	True
test-551	False	True
test-552	True	False
test-553	True	False
test-554	False	True
test-555	False	True
test-556	False	True
test-557	True	False
test-558	False	True
test-559	False	True
test-560	False	True
test-561	False	True
test-562	False	True
test-563	False	True
test-564	False	True
test-565	False	True
test-566	False	True
test-567	True	False
test-568	False	True
test-569	False	True
test-570	False	True
test-571	False	True
test-572	False	True
test-573	False	True
test-574	False	True
test-575	False	True
test-576	False	True
test-577	False	True
test-578	False	True
test-579	False	True
test-580	False	True
test-581	False	True
test-582	True	False
test-583	True	False
test-584	False	True
test-585	False	True
test-586	False	True
test-587	False	True
test-588	False	True
test-589	True	False
test-590	False	True
test-591	True	False
test-592	True	False
test-593	False	True
test-594	True	False
test-595	False	True
test-596	False	True
test-597	True	False
test-598	True	False
test-599	True	False
test-600	False	True
test-601	False	True
test-602	False	True
test-603	False	True
test-604	False	True
test-605	False	True
test-606	False	True
test-607	False	True
test-608	False	True
test-609	True	False
test-610	False	True
test-611	True	False
test-612	False	True
test-613	False	True
test-614	False	True
test-615	False	True
test-616	False	True
test-617	False	True
test-618	False	True
test-619	False	True
test-620	False	True
test-621	False	True
test-622	False	True
test-623	True	False
test-624	False	True
test-625	False	True
test-626	True	False
test-627	True	False
test-628	False	True
test-629	False	True
test-630	False	True
test-631	False	True
test-632	False	True
test-633	False	True
test-634	True	False
test-635	False	True
test-636	False	True
test-637	False	True
test-638	False	True
test-639	False	True
test-640	False	True
test-641	False	True
test-642	True	False
test-643	True	False
test-644	True	False
test-645	False	True
test-646	False	True
test-647	False	True
test-648	False	True
test-649	False	True
test-650	True	False
test-651	True	False
test-652	False	True
test-653	False	True
test-654	False	True
test-655	True	False
test-656	False	True
test-657	False	True
test-658	False	True
test-659	False	True
test-660	False	True
test-661	False	True
test-662	False	True
test-663	False	True
test-664	False	True
test-665	False	True
test-666	False	True
test-667	False	True
test-668	False	True
test-669	True	False
test-670	False	True
test-671	True	False
test-672	False	True
test-673	True	False
test-674	False	True
test-675	False	True
test-676	False	True
test-677	False	True
test-678	True	False
test-679	False	True
test-680	False	True
test-681	True	False
test-682	False	True
test-683	True	False
test-684	False	True
test-685	True	False
test-686	True	False
test-687	False	True
test-688	False	True
test-689	True	False
test-690	True	False
test-691	False	True
test-692	False	True
test-693	False	True
test-694	False	True
test-695	False	True
test-696	False	True
test-697	False	True
test-698	False	True
test-699	False	True
test-700	False	True
test-701	False	True
test-702	False	True
test-703	False	True
test-704	False	True
test-705	False	True
test-706	False	True
test-707	False	True
test-708	False	True
test-709	True	False
test-710	False	True
test-711	False	True
test-712	True	False
test-713	False	True
test-714	False	True
test-715	False	True
test-716	False	True
test-717	False	True
test-718	False	True
test-719	False	True
test-720	False	True
test-721	True	False
test-722	True	False
test-723	False	True
test-724	False	True
test-725	False	True
test-726	False	True
test-727	False	True
test-728	False	True
test-729	False	True
test-730	True	False
test-731	True	False
test-732	True	False
test-733	False	True
test-734	True	False
test-735	False	True
test-736	False	True
test-737	False	True
test-738	False	True
test-739	False	True
test-740	False	True
test-741	False	True
test-742	False	True
test-743	False	True
test-744	False	True
test-745	False	True
test-746	False	True
test-747	False	True
test-748	True	False
test-749	False	True
test-750	False	True
test-751	False	True
test-752	False	True
test-753	False	True
test-754	True	False
test-755	False	True
test-756	False	True
test-757	False	True
test-758	True	False
test-759	True	False
test-760	False	True
test-761	False	True
test-762	False	True
test-763	False	True
test-764	True	False
test-765	True	False
test-766	False	True
test-767	False	True
test-768	False	True
test-769	False	True
test-770	False	True
test-771	True	False
test-772	False	True
test-773	False	True
test-774	False	True
test-775	False	True
test-776	False	True
test-777	False	True
test-778	False	True
test-779	True	False
test-780	False	True
test-781	False	True
test-782	False	True
test-783	False	True
test-784	False	True
test-785	True	False
test-786	False	True
test-787	False	True
test-788	False	True
test-789	False	True
test-790	True	False
test-791	True	False
test-792	True	False
test-793	False	True
test-794	False	True
test-795	True	False
test-796	False	True
test-797	False	True
test-798	False	True
test-799	False	True
test-800	False	True
test-801	False	True
test-802	False	True
test-803	False	True
test-804	False	True
test-805	False	True
test-806	False	True
test-807	False	True
test-808	True	False
test-809	False	True
test-810	True	False
test-811	False	True
test-812	False	True
test-813	False	True
test-814	False	True
test-815	False	True
test-816	False	True
test-817	False	True
test-818	False	True
test-819	False	True
test-820	False	True
test-821	False	True
test-822	False	True
test-823	False	True
test-824	False	True
test-825	False	True
test-826	True	False
test-827	False	True
test-828	False	True
test-829	True	False
test-830	False	True
test-831	False	True
test-832	False	True
test-833	False	True
test-834	False	True
test-835	False	True
test-836	False	True
test-837	False	True
test-838	False	True
test-839	False	True
test-840	False	True
test-841	False	True
test-842	False	True
test-843	False	True
test-844	False	True
test-845	False	True
test-846	False	True
test-847	False	True
test-848	False	True
test-849	False	True
test-850	False	True
test-851	False	True
test-852	False	True
test-853	False	True
test-854	False	True
test-855	False	True
test-856	True	False
test-857	False	True
test-858	False	True
test-859	False	True
test-860	True	False
test-861	False	True
test-862	False	True
test-863	False	True
test-864	False	True
test-865	False	True
test-866	False	True
test-867	False	True
test-868	False	True
test-869	False	True
test-870	False	True
test-871	True	False
test-872	False	True
test-873	False	True
test-874	True	False
test-875	False	True
test-876	True	False
test-877	False	True
test-878	False	True
test-879	False	True
test-880	False	True
test-881	True	False
test-882	True	False
test-883	True	False
test-884	False	True
test-885	False	True
test-886	False	True
test-887	False	True
test-888	False	True
test-889	False	True
test-890	False	True
test-891	False	True
test-892	False	True
test-893	False	True
test-894	False	True
test-895	True	False
test-896	True	False
test-897	False	True
test-898	False	True
test-899	False	True
test-900	False	True
test-901	True	False
test-902	False	True
test-903	False	True
test-904	False	True
test-905	False	True
test-906	False	True
test-907	False	True
test-908	False	True
test-909	False	True
test-910	False	True
test-911	False	True
test-912	False	True
test-913	False	True
test-914	False	True
test-915	False	True
test-916	False	True
test-917	False	True
test-918	False	True
test-919	False	True
test-920	False	True
test-921	False	True
test-922	False	True
test-923	False	True
test-924	False	True
test-925	True	False
test-926	False	True
test-927	False	True
test-928	False	True
test-929	False	True
test-930	False	True
test-931	False	True
test-932	True	False
test-933	False	True
test-934	False	True
test-935	False	True
test-936	False	True
test-937	False	True
test-938	False	True
test-939	False	True
test-940	True	False
test-941	False	True
test-942	False	True
test-943	True	False
test-944	False	True
test-945	False	True
test-946	False	True
test-947	False	True
test-948	False	True
test-949	False	True
test-950	False	True
test-951	False	True
test-952	True	False
test-953	False	True
test-954	False	True
test-955	False	True
test-956	False	True
test-957	False	True
test-958	True	False
test-959	False	True
test-960	False	True
test-961	True	False
test-962	False	True
test-963	True	False
test-964	False	True
test-965	False	True
test-966	False	True
test-967	False	True
test-968	False	True
test-969	True	False
test-970	False	True
test-971	False	True
test-972	False	True
test-973	True	False
test-974	False	True
test-975	False	True
test-976	False	True
test-977	True	False
test-978	False	True
test-979	False	True
test-980	False	True
test-981	False	True
test-982	False	True
test-983	True	False
test-984	False	True
test-985	False	True
test-986	True	False
test-987	False	True
test-988	False	True
test-989	False	True
test-990	True	False
test-991	False	True
test-992	True	False
test-993	False	True
test-994	False	True
test-995	True	False
test-996	False	True
test-997	False	True
test-998	False	True
test-999	False	True
test-1000	False	True
test-1001	False	True
test-1002	True	False
test-1003	False	True
test-1004	False	True
test-1005	False	True
test-1006	False	True
test-1007	False	True
test-1008	False	True
test-1009	True	False
test-1010	False	True
test-1011	False	True
test-1012	False	True
test-1013	False	True
test-1014	False	True
test-1015	False	True
test-1016	False	True
test-1017	False	True
test-1018	False	True
test-1019	False	True
test-1020	False	True
test-1021	False	True
test-1022	False	True
test-1023	False	True
test-1024	False	True
test-1025	False	True
test-1026	False	True
test-1027	False	True
test-1028	False	True
test-1029	True	False
test-1030	False	True
test-1031	True	False
test-1032	True	False
test-1033	False	True
test-1034	False	True
test-1035	False	True
test-1036	False	True
test-1037	False	True
test-1038	False	True
test-1039	False	True
test-1040	False	True
test-1041	False	True
test-1042	False	True
test-1043	False	True
test-1044	True	False
test-1045	False	True
test-1046	False	True
test-1047	True	False
test-1048	False	True
test-1049	False	True
test-1050	False	True
test-1051	False	True
test-1052	False	True
test-1053	False	True
test-1054	False	True
test-1055	True	False
test-1056	False	True
test-1057	False	True
test-1058	True	False
test-1059	False	True
test-1060	False	True
test-1061	False	True
test-1062	True	False
test-1063	False	True
test-1064	False	True
test-1065	False	True
test-1066	False	True
test-1067	False	True
test-1068	False	True
test-1069	False	True
test-1070	False	True
test-1071	True	False
test-1072	False	True
test-1073	False	True
test-1074	False	True
test-1075	False	True
test-1076	False	True
test-1077	False	True
test-1078	False	True
test-1079	True	False
test-1080	False	True
test-1081	False	True
test-1082	False	True
test-1083	False	True
test-1084	False	True
test-1085	False	True
test-1086	False	True
test-1087	False	True
test-1088	True	False
test-1089	False	True
test-1090	False	True
test-1091	False	True
test-1092	True	False
test-1093	False	True
test-1094	False	True
test-1095	False	True
test-1096	False	True
test-1097	False	True
test-1098	False	True
test-1099	False	True
test-1100	False	True
test-1101	False	True
test-1102	False	True
test-1103	False	True
test-1104	True	False
test-1105	True	False
test-1106	False	True
test-1107	False	True
test-1108	False	True
test-1109	False	True
test-1110	True	False
test-1111	False	True
test-1112	False	True
test-1113	True	False
test-1114	False	True
test-1115	False	True
test-1116	False	True
test-1117	True	False
test-1118	False	True
test-1119	False	True
test-1120	False	True
test-1121	False	True
test-1122	True	False
test-1123	False	True
test-1124	False	True
test-1125	False	True
test-1126	False	True
test-1127	False	True
test-1128	True	False
test-1129	False	True
test-1130	False	True
test-1131	False	True
test-1132	True	False
test-1133	False	True
test-1134	False	True
test-1135	True	False
test-1136	False	True
test-1137	False	True
test-1138	False	True
test-1139	True	False
test-1140	False	True
test-1141	False	True
test-1142	False	True
test-1143	True	False
test-1144	False	True
test-1145	True	False
test-1146	True	False
test-1147	False	True
test-1148	False	True
test-1149	False	True
test-1150	False	True
test-1151	True	False
test-1152	False	True
test-1153	False	True
test-1154	True	False
test-1155	False	True
test-1156	True	False
test-1157	False	True
test-1158	False	True
test-1159	False	True
test-1160	False	True
test-1161	False	True
test-1162	False	True
test-1163	False	True
test-1164	False	True
test-1165	False	True
test-1166	False	True
test-1167	False	True
test-1168	False	True
test-1169	True	False
test-1170	False	True
test-1171	False	True
test-1172	False	True
test-1173	False	True
test-1174	False	True
test-1175	False	True
test-1176	False	True
test-1177	False	True
test-1178	False	True
test-1179	False	True
test-1180	False	True
test-1181	True	False
test-1182	False	True
test-1183	False	True
test-1184	False	True
test-1185	False	True
test-1186	False	True
test-1187	False	True
test-1188	False	True
test-1189	False	True
test-1190	False	True
test-1191	False	True
test-1192	True	False
test-1193	False	True
test-1194	False	True
test-1195	False	True
test-1196	False	True
test-1197	False	True
test-1198	False	True
test-1199	False	True
test-1200	False	True
test-1201	True	False
test-1202	True	False
test-1203	False	True
test-1204	False	True
test-1205	False	True
test-1206	False	True
test-1207	False	True
test-1208	False	True
test-1209	False	True
test-1210	False	True
test-1211	True	False
test-1212	False	True
test-1213	True	False
test-1214	False	True
test-1215	False	True
test-1216	False	True
test-1217	False	True
test-1218	False	True
test-1219	False	True
test-1220	False	True
test-1221	True	False
test-1222	False	True
test-1223	True	False
test-1224	False	True
test-1225	False	True
test-1226	False	True
test-1227	False	True
test-1228	False	True
test-1229	False	True
test-1230	True	False
test-1231	False	True
test-1232	False	True
test-1233	False	True
test-1234	False	True
test-1235	False	True
test-1236	False	True
test-1237	False	True
test-1238	False	True
test-1239	False	True
test-1240	False	True
test-1241	True	False
test-1242	True	False
test-1243	False	True
test-1244	False	True
test-1245	False	True
test-1246	False	True
test-1247	False	True
test-1248	False	True
test-1249	False	True
test-1250	False	True
test-1251	False	True
test-1252	False	True
test-1253	False	True
test-1254	False	True
test-1255	False	True
test-1256	False	True
test-1257	False	True
test-1258	False	True
test-1259	False	True
test-1260	False	True
test-1261	True	False
test-1262	False	True
test-1263	False	True
test-1264	False	True
test-1265	False	True
test-1266	False	True
test-1267	False	True
test-1268	True	False
test-1269	False	True
test-1270	False	True
test-1271	False	True
test-1272	False	True
test-1273	True	False
test-1274	False	True
test-1275	False	True
test-1276	False	True
test-1277	False	True
test-1278	False	True
test-1279	False	True
test-1280	False	True
test-1281	True	False
test-1282	True	False
test-1283	True	False
test-1284	False	True
test-1285	False	True
test-1286	False	True
test-1287	False	True
test-1288	False	True
test-1289	True	False
test-1290	False	True
test-1291	False	True
test-1292	False	True
test-1293	False	True
test-1294	False	True
test-1295	False	True
test-1296	False	True
test-1297	False	True
test-1298	False	True
test-1299	True	False
test-1300	False	True
test-1301	False	True
test-1302	True	False
test-1303	False	True
test-1304	False	True
test-1305	True	False
test-1306	False	True
test-1307	False	True
test-1308	False	True
test-1309	False	True
test-1310	False	True
test-1311	False	True
test-1312	False	True
test-1313	True	False
test-1314	False	True
test-1315	False	True
test-1316	False	True
test-1317	False	True
test-1318	False	True
test-1319	False	True
test-1320	True	False
test-1321	False	True
test-1322	False	True
test-1323	False	True
test-1324	False	True
test-1325	False	True
test-1326	True	False
test-1327	False	True
test-1328	False	True
test-1329	False	True
test-1330	False	True
test-1331	False	True
test-1332	True	False
test-1333	False	True
test-1334	False	True
test-1335	False	True
test-1336	False	True
test-1337	False	True
test-1338	False	True
test-1339	True	False
test-1340	False	True
test-1341	True	False
test-1342	False	True
test-1343	False	True
test-1344	False	True
test-1345	True	False
test-1346	True	False
test-1347	False	True
test-1348	False	True
test-1349	False	True
test-1350	False	True
test-1351	False	True
test-1352	True	False
test-1353	True	False
test-1354	False	True
test-1355	False	True
test-1356	False	True
test-1357	False	True
test-1358	False	True
test-1359	True	False
test-1360	False	True
test-1361	True	False
test-1362	False	True
test-1363	True	False
test-1364	False	True
test-1365	False	True
test-1366	False	True
test-1367	False	True
test-1368	False	True
test-1369	False	True
test-1370	False	True
test-1371	False	True
test-1372	False	True
test-1373	False	True
test-1374	False	True
test-1375	True	False
test-1376	False	True
test-1377	False	True
test-1378	False	True
test-1379	False	True
test-1380	False	True
test-1381	True	False
test-1382	False	True
test-1383	False	True
test-1384	False	True
test-1385	False	True
test-1386	False	True
test-1387	False	True
test-1388	False	True
test-1389	False	True
test-1390	False	True
test-1391	False	True
test-1392	False	True
test-1393	False	True
test-1394	False	True
test-1395	False	True
test-1396	False	True
test-1397	False	True
test-1398	False	True
test-1399	False	True
test-1400	False	True
test-1401	False	True
test-1402	False	True
test-1403	False	True
test-1404	False	True
test-1405	True	False
test-1406	False	True
test-1407	False	True
test-1408	False	True
test-1409	False	True
test-1410	True	False
test-1411	False	True
test-1412	False	True
test-1413	False	True
test-1414	False	True
test-1415	False	True
test-1416	False	True
test-1417	False	True
test-1418	False	True
test-1419	True	False
test-1420	True	False
test-1421	False	True
test-1422	False	True
test-1423	False	True
test-1424	True	False
test-1425	False	True
test-1426	False	True
test-1427	False	True
test-1428	False	True
test-1429	True	False
test-1430	True	False
test-1431	False	True
test-1432	False	True
test-1433	False	True
test-1434	False	True
test-1435	False	True
test-1436	False	True
test-1437	False	True
test-1438	False	True
test-1439	False	True
test-1440	False	True
test-1441	False	True
test-1442	True	False
test-1443	False	True
test-1444	False	True
test-1445	False	True
test-1446	True	False
test-1447	False	True
test-1448	True	False
test-1449	False	True
test-1450	False	True
test-1451	False	True
test-1452	False	True
test-1453	False	True
test-1454	True	False
test-1455	False	True
test-1456	False	True
test-1457	False	True
test-1458	False	True
test-1459	False	True
test-1460	False	True
test-1461	False	True
test-1462	False	True
test-1463	False	True
test-1464	False	True
test-1465	True	False
test-1466	False	True
test-1467	False	True
test-1468	False	True
test-1469	False	True
test-1470	False	True
test-1471	False	True
test-1472	True	False
test-1473	False	True
test-1474	False	True
test-1475	False	True
test-1476	False	True
test-1477	False	True
test-1478	True	False
test-1479	False	True
test-1480	True	False
test-1481	False	True
test-1482	False	True
test-1483	True	False
test-1484	False	True
test-1485	False	True
test-1486	False	True
test-1487	False	True
test-1488	False	True
test-1489	False	True
test-1490	False	True
test-1491	False	True
test-1492	False	True
test-1493	True	False
test-1494	False	True
test-1495	False	True
test-1496	False	True
test-1497	False	True
test-1498	False	True
test-1499	True	False
test-1500	True	False
test-1501	False	True
test-1502	False	True
test-1503	False	True
test-1504	False	True
test-1505	False	True
test-1506	False	True
test-1507	False	True
test-1508	False	True
test-1509	False	True
test-1510	False	True
test-1511	False	True
test-1512	True	False
test-1513	True	False
test-1514	False	True
test-1515	False	True
test-1516	True	False
test-1517	False	True
test-1518	False	True
test-1519	False	True
test-1520	False	True
test-1521	False	True
test-1522	False	True
test-1523	False	True
test-1524	False	True
test-1525	False	True
test-1526	False	True
test-1527	False	True
test-1528	False	True
test-1529	True	False
test-1530	False	True
test-1531	False	True
test-1532	True	False
test-1533	True	False
test-1534	False	True
test-1535	False	True
test-1536	False	True
test-1537	False	True
test-1538	False	True
test-1539	False	True
test-1540	False	True
test-1541	False	True
test-1542	False	True
test-1543	True	False
test-1544	False	True
test-1545	False	True
test-1546	False	True
test-1547	False	True
test-1548	False	True
test-1549	False	True
test-1550	False	True
test-1551	False	True
test-1552	False	True
test-1553	False	True
test-1554	True	False
test-1555	False	True
test-1556	False	True
test-1557	False	True
test-1558	False	True
test-1559	False	True
test-1560	True	False
test-1561	False	True
test-1562	False	True
test-1563	False	True
test-1564	False	True
test-1565	True	False
test-1566	False	True
test-1567	False	True
test-1568	False	True
test-1569	False	True
test-1570	False	True
test-1571	False	True
test-1572	False	True
test-1573	False	True
test-1574	False	True
test-1575	False	True
test-1576	False	True
test-1577	False	True
test-1578	False	True
test-1579	False	True
test-1580	False	True
test-1581	False	True
test-1582	False	True
test-1583	False	True
test-1584	False	True
test-1585	True	False
test-1586	True	False
test-1587	False	True
test-1588	False	True
test-1589	False	True
test-1590	False	True
test-1591	True	False
test-1592	False	True
test-1593	False	True
test-1594	False	True
test-1595	False	True
test-1596	False	True
test-1597	True	False
test-1598	False	True
test-1599	False	True
test-1600	False	True
test-1601	True	False
test-1602	False	True
test-1603	False	True
test-1604	False	True
test-1605	True	False
test-1606	False	True
test-1607	False	True
test-1608	False	True
test-1609	False	True
test-1610	True	False
test-1611	False	True
test-1612	False	True
test-1613	False	True
test-1614	False	True
test-1615	False	True
test-1616	False	True
test-1617	False	True
test-1618	False	True
test-1619	False	True
test-1620	False	True
test-1621	True	False
test-1622	False	True
test-1623	False	True
test-1624	False	True
test-1625	False	True
test-1626	False	True
test-1627	False	True
test-1628	False	True
test-1629	False	True
test-1630	False	True
test-1631	True	False
test-1632	False	True
test-1633	False	True
test-1634	False	True
test-1635	False	True
test-1636	False	True
test-1637	False	True
test-1638	False	True
test-1639	False	True
test-1640	False	True
test-1641	True	False
test-1642	False	True
test-1643	False	True
test-1644	False	True
test-1645	False	True
test-1646	False	True
test-1647	False	True
test-1648	False	True
test-1649	False	True
test-1650	False	True
test-1651	False	True
test-1652	False	True
test-1653	False	True
test-1654	False	True
test-1655	False	True
test-1656	False	True
test-1657	False	True
test-1658	False	True
test-1659	False	True
test-1660	False	True
test-1661	False	True
test-1662	True	False
test-1663	False	True
test-1664	False	True
test-1665	False	True
test-1666	False	True
test-1667	False	True
test-1668	False	True
test-1669	False	True
test-1670	False	True
test-1671	False	True
test-1672	False	True
test-1673	False	True
test-1674	False	True
test-1675	False	True
test-1676	False	True
test-1677	False	True
test-1678	False	True
test-1679	False	True
test-1680	False	True
test-1681	False	True
test-1682	False	True
test-1683	False	True
test-1684	False	True
test-1685	False	True
test-1686	False	True
test-1687	False	True
test-1688	False	True
test-1689	False	True
test-1690	False	True
test-1691	False	True
test-1692	False	True
test-1693	False	True
test-1694	False	True
test-1695	False	True
test-1696	False	True
test-1697	False	True
test-1698	False	True
test-1699	True	False
test-1700	False	True
test-1701	False	True
test-1702	False	True
test-1703	False	True
test-1704	False	True
test-1705	False	True
test-1706	False	True
test-1707	False	True
test-1708	False	True
test-1709	False	True
test-1710	False	True
test-1711	False	True
test-1712	False	True
test-1713	False	True
test-1714	False	True
test-1715	False	True
test-1716	False	True
test-1717	False	True
test-1718	False	True
test-1719	False	True
test-1720	False	True
test-1721	False	True
test-1722	True	False
test-1723	False	True
test-1724	False	True
test-1725	True	False
test-1726	True	False
test-1727	False	True
test-1728	True	False
test-1729	False	True
test-1730	False	True
test-1731	False	True
test-1732	False	True
test-1733	False	True
test-1734	False	True
test-1735	False	True
test-1736	False	True
test-1737	False	True
test-1738	False	True
test-1739	False	True
test-1740	False	True
test-1741	False	True
test-1742	False	True
test-1743	False	True
test-1744	True	False
test-1745	False	True
test-1746	False	True
test-1747	False	True
test-1748	False	True
test-1749	True	False
test-1750	False	True
test-1751	False	True
test-1752	False	True
test-1753	False	True
test-1754	True	False
test-1755	False	True
test-1756	False	True
test-1757	True	False
test-1758	False	True
test-1759	False	True
test-1760	False	True
test-1761	False	True
test-1762	True	False
test-1763	False	True
test-1764	False	True
test-1765	False	True
test-1766	False	True
test-1767	False	True
test-1768	False	True
test-1769	False	True
test-1770	True	False
test-1771	False	True
test-1772	False	True
test-1773	False	True
test-1774	False	True
test-1775	False	True
test-1776	False	True
test-1777	False	True
test-1778	False	True
test-1779	False	True
test-1780	True	False
test-1781	False	True
test-1782	False	True
test-1783	False	True
test-1784	False	True
test-1785	False	True
test-1786	False	True
test-1787	False	True
test-1788	False	True
test-1789	True	False
test-1790	False	True
test-1791	False	True
test-1792	False	True
test-1793	False	True
test-1794	True	False
test-1795	False	True
test-1796	False	True
test-1797	False	True
test-1798	False	True
test-1799	False	True
test-1800	False	True
test-1801	True	False
test-1802	False	True
test-1803	False	True
test-1804	False	True
test-1805	False	True
test-1806	False	True
test-1807	False	True
test-1808	False	True
test-1809	False	True
test-1810	True	False
test-1811	False	True
test-1812	False	True
test-1813	False	True
test-1814	False	True
test-1815	False	True
test-1816	False	True
test-1817	False	True
test-1818	False	True
test-1819	False	True
test-1820	False	True
test-1821	False	True
test-1822	False	True
test-1823	False	True
test-1824	False	True
test-1825	False	True
test-1826	False	True
test-1827	False	True
test-1828	False	True
test-1829	True	False
test-1830	False	True
test-1831	False	True
test-1832	False	True
test-1833	False	True
test-1834	False	True
test-1835	False	True
test-1836	False	True
test-1837	False	True
test-1838	False	True
test-1839	False	True
test-1840	False	True
test-1841	False	True
test-1842	False	True
test-1843	False	True
test-1844	False	True
test-1845	False	True
test-1846	False	True
test-1847	False	True
test-1848	False	True
test-1849	False	True
test-1850	False	True
test-1851	False	True
test-1852	False	True
test-1853	False	True
test-1854	False	True
test-1855	True	False
test-1856	False	True
test-1857	False	True
test-1858	False	True
test-1859	False	True
test-1860	False	True
test-1861	False	True
test-1862	True	False
test-1863	False	True
test-1864	False	True
test-1865	False	True
test-1866	False	True
test-1867	False	True
test-1868	False	True
test-1869	True	False
test-1870	False	True
test-1871	False	True
test-1872	False	True
test-1873	False	True
test-1874	False	True
test-1875	False	True
test-1876	False	True
test-1877	False	True
test-1878	False	True
test-1879	False	True
test-1880	True	False
test-1881	False	True
test-1882	False	True
test-1883	False	True
test-1884	False	True
test-1885	False	True
test-1886	False	True
test-1887	False	True
test-1888	False	True
test-1889	False	True
test-1890	False	True
test-1891	False	True
test-1892	True	False
test-1893	False	True
test-1894	False	True
test-1895	False	True
test-1896	False	True
test-1897	False	True
test-1898	False	True
test-1899	False	True
test-1900	False	True
test-1901	False	True
test-1902	False	True
test-1903	False	True
test-1904	False	True
test-1905	False	True
test-1906	False	True
test-1907	False	True
test-1908	True	False
test-1909	False	True
test-1910	False	True
test-1911	True	False
test-1912	False	True
test-1913	False	True
test-1914	False	True
test-1915	False	True
test-1916	False	True
test-1917	False	True
test-1918	False	True
test-1919	False	True
test-1920	True	False
test-1921	False	True
test-1922	False	True
test-1923	False	True
test-1924	False	True
test-1925	False	True
test-1926	False	True
test-1927	False	True
test-1928	True	False
test-1929	False	True
test-1930	False	True
test-1931	False	True
test-1932	False	True
test-1933	True	False
test-1934	False	True
test-1935	False	True
test-1936	False	True
test-1937	False	True
test-1938	False	True
test-1939	False	True
test-1940	False	True
test-1941	False	True
test-1942	False	True
test-1943	False	True
test-1944	False	True
test-1945	False	True
test-1946	False	True
test-1947	False	True
test-1948	False	True
test-1949	False	True
test-1950	False	True
test-1951	False	True
test-1952	True	False
test-1953	False	True
test-1954	False	True
test-1955	False	True
test-1956	False	True
test-1957	False	True
test-1958	False	True
test-1959	False	True
test-1960	False	True
test-1961	False	True
test-1962	False	True
test-1963	False	True
test-1964	False	True
test-1965	False	True
test-1966	False	True
test-1967	False	True
test-1968	False	True
test-1969	False	True
test-1970	False	True
test-1971	False	True
test-1972	False	True
test-1973	False	True
test-1974	False	True
test-1975	False	True
test-1976	False	True
test-1977	False	True
test-1978	False	True
test-1979	False	True
test-1980	False	True
test-1981	False	True
test-1982	False	True
test-1983	False	True
test-1984	False	True
test-1985	False	True
test-1986	False	True
test-1987	False	True
test-1988	False	True
test-1989	False	True
test-1990	True	False
test-1991	False	True
test-1992	False	True
test-1993	False	True
test-1994	False	True
test-1995	False	True
test-1996	False	True
test-1997	False	True
test-1998	True	False
test-1999	False	True
test-2000	False	True
