test-1	FALSE	TRUE
test-2	FALSE	TRUE
test-3	TRUE	FALSE
test-4	FALSE	TRUE
test-5	TRUE	FALSE
test-6	FALSE	TRUE
test-7	TRUE	FALSE
test-8	FALSE	TRUE
test-9	TRUE	FALSE
test-10	FALSE	TRUE
test-11	FALSE	TRUE
test-12	TRUE	FALSE
test-13	FALSE	TRUE
test-14	TRUE	FALSE
test-15	TRUE	FALSE
test-16	TRUE	FALSE
test-17	TRUE	FALSE
test-18	FALSE	TRUE
test-19	FALSE	TRUE
test-20	TRUE	FALSE
test-21	FALSE	TRUE
test-22	FALSE	TRUE
test-23	TRUE	FALSE
test-24	TRUE	FALSE
test-25	FALSE	TRUE
test-26	FALSE	TRUE
test-27	FALSE	TRUE
test-28	TRUE	FALSE
test-29	TRUE	FALSE
test-30	FALSE	TRUE
test-31	TRUE	FALSE
test-32	FALSE	TRUE
test-33	FALSE	TRUE
test-34	FALSE	TRUE
test-35	FALSE	TRUE
test-36	FALSE	TRUE
test-37	TRUE	FALSE
test-38	FALSE	TRUE
test-39	FALSE	TRUE
test-40	TRUE	FALSE
test-41	TRUE	FALSE
test-42	TRUE	FALSE
test-43	TRUE	FALSE
test-44	FALSE	TRUE
test-45	FALSE	TRUE
test-46	FALSE	TRUE
test-47	TRUE	FALSE
test-48	TRUE	FALSE
test-49	TRUE	FALSE
test-50	FALSE	TRUE
test-51	FALSE	TRUE
test-52	FALSE	TRUE
test-53	FALSE	TRUE
test-54	FALSE	TRUE
test-55	TRUE	FALSE
test-56	TRUE	FALSE
test-57	FALSE	TRUE
test-58	FALSE	TRUE
test-59	TRUE	FALSE
test-60	TRUE	FALSE
test-61	FALSE	TRUE
test-62	TRUE	FALSE
test-63	TRUE	FALSE
test-64	FALSE	TRUE
test-65	FALSE	TRUE
test-66	FALSE	TRUE
test-67	TRUE	FALSE
test-68	FALSE	TRUE
test-69	TRUE	FALSE
test-70	FALSE	TRUE
test-71	TRUE	FALSE
test-72	FALSE	TRUE
test-73	FALSE	TRUE
test-74	TRUE	FALSE
test-75	TRUE	FALSE
test-76	FALSE	TRUE
test-77	TRUE	FALSE
test-78	TRUE	FALSE
test-79	FALSE	TRUE
test-80	FALSE	TRUE
test-81	FALSE	TRUE
test-82	FALSE	TRUE
test-83	TRUE	FALSE
test-84	FALSE	TRUE
test-85	TRUE	FALSE
test-86	TRUE	FALSE
test-87	TRUE	FALSE
test-88	TRUE	FALSE
test-89	FALSE	TRUE
test-90	FALSE	TRUE
test-91	FALSE	TRUE
test-92	FALSE	TRUE
test-93	FALSE	TRUE
test-94	FALSE	TRUE
test-95	TRUE	FALSE
test-96	FALSE	TRUE
test-97	FALSE	TRUE
test-98	TRUE	FALSE
test-99	TRUE	FALSE
test-100	FALSE	TRUE
test-101	FALSE	TRUE
test-102	FALSE	TRUE
test-103	FALSE	TRUE
test-104	TRUE	FALSE
test-105	FALSE	TRUE
test-106	FALSE	TRUE
test-107	TRUE	FALSE
test-108	TRUE	FALSE
test-109	FALSE	TRUE
test-110	FALSE	TRUE
test-111	TRUE	FALSE
test-112	FALSE	TRUE
test-113	TRUE	FALSE
test-114	FALSE	TRUE
test-115	TRUE	FALSE
test-116	TRUE	FALSE
test-117	FALSE	TRUE
test-118	TRUE	FALSE
test-119	FALSE	TRUE
test-120	FALSE	TRUE
test-121	TRUE	FALSE
test-122	FALSE	TRUE
test-123	TRUE	FALSE
test-124	TRUE	FALSE
test-125	TRUE	FALSE
test-126	TRUE	FALSE
test-127	TRUE	FALSE
test-128	FALSE	TRUE
test-129	FALSE	TRUE
test-130	FALSE	TRUE
test-131	FALSE	TRUE
test-132	FALSE	TRUE
test-133	FALSE	TRUE
test-134	FALSE	TRUE
test-135	FALSE	TRUE
test-136	TRUE	FALSE
test-137	FALSE	TRUE
test-138	FALSE	TRUE
test-139	FALSE	TRUE
test-140	TRUE	FALSE
test-141	TRUE	FALSE
test-142	FALSE	TRUE
test-143	TRUE	FALSE
test-144	FALSE	TRUE
test-145	FALSE	TRUE
test-146	TRUE	FALSE
test-147	FALSE	TRUE
test-148	TRUE	FALSE
test-149	FALSE	TRUE
test-150	TRUE	FALSE
test-151	FALSE	TRUE
test-152	TRUE	FALSE
test-153	TRUE	FALSE
test-154	TRUE	FALSE
test-155	FALSE	TRUE
test-156	TRUE	FALSE
test-157	FALSE	TRUE
test-158	TRUE	FALSE
test-159	TRUE	FALSE
test-160	FALSE	TRUE
test-161	FALSE	TRUE
test-162	TRUE	FALSE
test-163	TRUE	FALSE
test-164	TRUE	FALSE
test-165	TRUE	FALSE
test-166	TRUE	FALSE
test-167	FALSE	TRUE
test-168	FALSE	TRUE
test-169	TRUE	FALSE
test-170	TRUE	FALSE
test-171	TRUE	FALSE
test-172	FALSE	TRUE
test-173	TRUE	FALSE
test-174	FALSE	TRUE
test-175	FALSE	TRUE
test-176	TRUE	FALSE
test-177	TRUE	FALSE
test-178	FALSE	TRUE
test-179	TRUE	FALSE
test-180	FALSE	TRUE
test-181	TRUE	FALSE
test-182	FALSE	TRUE
test-183	FALSE	TRUE
test-184	TRUE	FALSE
test-185	TRUE	FALSE
test-186	FALSE	TRUE
test-187	FALSE	TRUE
test-188	TRUE	FALSE
test-189	TRUE	FALSE
test-190	FALSE	TRUE
test-191	TRUE	FALSE
test-192	FALSE	TRUE
test-193	FALSE	TRUE
test-194	FALSE	TRUE
test-195	FALSE	TRUE
test-196	FALSE	TRUE
test-197	TRUE	FALSE
test-198	FALSE	TRUE
test-199	FALSE	TRUE
test-200	TRUE	FALSE
test-201	FALSE	TRUE
test-202	TRUE	FALSE
test-203	FALSE	TRUE
test-204	FALSE	TRUE
test-205	TRUE	FALSE
test-206	TRUE	FALSE
test-207	TRUE	FALSE
test-208	TRUE	FALSE
test-209	FALSE	TRUE
test-210	TRUE	FALSE
test-211	FALSE	TRUE
test-212	TRUE	FALSE
test-213	TRUE	FALSE
test-214	FALSE	TRUE
test-215	TRUE	FALSE
test-216	FALSE	TRUE
test-217	FALSE	TRUE
test-218	FALSE	TRUE
test-219	FALSE	TRUE
test-220	TRUE	FALSE
test-221	TRUE	FALSE
test-222	TRUE	FALSE
test-223	FALSE	TRUE
test-224	FALSE	TRUE
test-225	TRUE	FALSE
test-226	TRUE	FALSE
test-227	TRUE	FALSE
test-228	FALSE	TRUE
test-229	FALSE	TRUE
test-230	FALSE	TRUE
test-231	TRUE	FALSE
test-232	TRUE	FALSE
test-233	FALSE	TRUE
test-234	FALSE	TRUE
test-235	FALSE	TRUE
test-236	TRUE	FALSE
test-237	TRUE	FALSE
test-238	TRUE	FALSE
test-239	FALSE	TRUE
test-240	FALSE	TRUE
test-241	FALSE	TRUE
test-242	FALSE	TRUE
test-243	TRUE	FALSE
test-244	TRUE	FALSE
test-245	TRUE	FALSE
test-246	FALSE	TRUE
test-247	FALSE	TRUE
test-248	FALSE	TRUE
test-249	TRUE	FALSE
test-250	FALSE	TRUE
test-251	FALSE	TRUE
test-252	TRUE	FALSE
test-253	TRUE	FALSE
test-254	TRUE	FALSE
test-255	TRUE	FALSE
test-256	TRUE	FALSE
test-257	TRUE	FALSE
test-258	TRUE	FALSE
test-259	FALSE	TRUE
test-260	FALSE	TRUE
test-261	FALSE	TRUE
test-262	FALSE	TRUE
test-263	TRUE	FALSE
test-264	FALSE	TRUE
test-265	TRUE	FALSE
test-266	FALSE	TRUE
test-267	TRUE	FALSE
test-268	FALSE	TRUE
test-269	TRUE	FALSE
test-270	FALSE	TRUE
test-271	TRUE	FALSE
test-272	FALSE	TRUE
test-273	FALSE	TRUE
test-274	TRUE	FALSE
test-275	TRUE	FALSE
test-276	TRUE	FALSE
test-277	TRUE	FALSE
test-278	FALSE	TRUE
test-279	FALSE	TRUE
test-280	FALSE	TRUE
test-281	FALSE	TRUE
test-282	TRUE	FALSE
test-283	TRUE	FALSE
test-284	TRUE	FALSE
test-285	FALSE	TRUE
test-286	FALSE	TRUE
test-287	TRUE	FALSE
test-288	FALSE	TRUE
test-289	TRUE	FALSE
test-290	FALSE	TRUE
test-291	TRUE	FALSE
test-292	TRUE	FALSE
test-293	FALSE	TRUE
test-294	FALSE	TRUE
test-295	FALSE	TRUE
test-296	TRUE	FALSE
test-297	TRUE	FALSE
test-298	TRUE	FALSE
test-299	FALSE	TRUE
test-300	FALSE	TRUE
test-301	FALSE	TRUE
test-302	TRUE	FALSE
test-303	FALSE	TRUE
test-304	FALSE	TRUE
test-305	FALSE	TRUE
test-306	FALSE	TRUE
test-307	TRUE	FALSE
test-308	TRUE	FALSE
test-309	FALSE	TRUE
test-310	TRUE	FALSE
test-311	FALSE	TRUE
test-312	FALSE	TRUE
test-313	TRUE	FALSE
test-314	TRUE	FALSE
test-315	TRUE	FALSE
test-316	FALSE	TRUE
test-317	FALSE	TRUE
test-318	TRUE	FALSE
test-319	FALSE	TRUE
test-320	TRUE	FALSE
test-321	TRUE	FALSE
test-322	FALSE	TRUE
test-323	FALSE	TRUE
test-324	TRUE	FALSE
test-325	TRUE	FALSE
test-326	FALSE	TRUE
test-327	TRUE	FALSE
test-328	TRUE	FALSE
test-329	TRUE	FALSE
test-330	TRUE	FALSE
test-331	TRUE	FALSE
test-332	TRUE	FALSE
test-333	FALSE	TRUE
test-334	TRUE	FALSE
test-335	FALSE	TRUE
test-336	TRUE	FALSE
test-337	FALSE	TRUE
test-338	TRUE	FALSE
test-339	FALSE	TRUE
test-340	FALSE	TRUE
test-341	FALSE	TRUE
test-342	TRUE	FALSE
test-343	FALSE	TRUE
test-344	FALSE	TRUE
test-345	FALSE	TRUE
test-346	FALSE	TRUE
test-347	FALSE	TRUE
test-348	TRUE	FALSE
test-349	TRUE	FALSE
test-350	TRUE	FALSE
test-351	FALSE	TRUE
test-352	TRUE	FALSE
test-353	TRUE	FALSE
test-354	TRUE	FALSE
test-355	FALSE	TRUE
test-356	FALSE	TRUE
test-357	FALSE	TRUE
test-358	TRUE	FALSE
test-359	TRUE	FALSE
test-360	FALSE	TRUE
test-361	TRUE	FALSE
test-362	FALSE	TRUE
test-363	TRUE	FALSE
test-364	TRUE	FALSE
test-365	FALSE	TRUE
test-366	TRUE	FALSE
test-367	FALSE	TRUE
test-368	FALSE	TRUE
test-369	TRUE	FALSE
test-370	TRUE	FALSE
test-371	FALSE	TRUE
test-372	TRUE	FALSE
test-373	TRUE	FALSE
test-374	FALSE	TRUE
test-375	TRUE	FALSE
test-376	TRUE	FALSE
test-377	TRUE	FALSE
test-378	FALSE	TRUE
test-379	TRUE	FALSE
test-380	TRUE	FALSE
test-381	FALSE	TRUE
test-382	TRUE	FALSE
test-383	TRUE	FALSE
test-384	FALSE	TRUE
test-385	TRUE	FALSE
test-386	TRUE	FALSE
test-387	TRUE	FALSE
test-388	TRUE	FALSE
test-389	TRUE	FALSE
test-390	FALSE	TRUE
test-391	FALSE	TRUE
test-392	FALSE	TRUE
test-393	FALSE	TRUE
test-394	TRUE	FALSE
test-395	TRUE	FALSE
test-396	FALSE	TRUE
test-397	FALSE	TRUE
test-398	FALSE	TRUE
test-399	TRUE	FALSE
test-400	TRUE	FALSE
test-401	FALSE	TRUE
test-402	TRUE	FALSE
test-403	TRUE	FALSE
test-404	TRUE	FALSE
test-405	FALSE	TRUE
test-406	TRUE	FALSE
test-407	TRUE	FALSE
test-408	FALSE	TRUE
test-409	TRUE	FALSE
test-410	FALSE	TRUE
test-411	FALSE	TRUE
test-412	FALSE	TRUE
test-413	TRUE	FALSE
test-414	FALSE	TRUE
test-415	TRUE	FALSE
test-416	TRUE	FALSE
test-417	FALSE	TRUE
test-418	TRUE	FALSE
test-419	TRUE	FALSE
test-420	FALSE	TRUE
test-421	TRUE	FALSE
test-422	FALSE	TRUE
test-423	TRUE	FALSE
test-424	TRUE	FALSE
test-425	TRUE	FALSE
test-426	FALSE	TRUE
test-427	TRUE	FALSE
test-428	TRUE	FALSE
test-429	FALSE	TRUE
test-430	FALSE	TRUE
test-431	TRUE	FALSE
test-432	FALSE	TRUE
test-433	TRUE	FALSE
test-434	FALSE	TRUE
test-435	FALSE	TRUE
test-436	FALSE	TRUE
test-437	TRUE	FALSE
test-438	TRUE	FALSE
test-439	TRUE	FALSE
test-440	FALSE	TRUE
test-441	FALSE	TRUE
test-442	TRUE	FALSE
test-443	FALSE	TRUE
test-444	FALSE	TRUE
test-445	FALSE	TRUE
test-446	TRUE	FALSE
test-447	TRUE	FALSE
test-448	FALSE	TRUE
test-449	FALSE	TRUE
test-450	TRUE	FALSE
test-451	TRUE	FALSE
test-452	TRUE	FALSE
test-453	TRUE	FALSE
test-454	FALSE	TRUE
test-455	TRUE	FALSE
test-456	TRUE	FALSE
test-457	FALSE	TRUE
test-458	FALSE	TRUE
test-459	TRUE	FALSE
test-460	FALSE	TRUE
test-461	FALSE	TRUE
test-462	FALSE	TRUE
test-463	TRUE	FALSE
test-464	TRUE	FALSE
test-465	TRUE	FALSE
test-466	TRUE	FALSE
test-467	FALSE	TRUE
test-468	TRUE	FALSE
test-469	TRUE	FALSE
test-470	FALSE	TRUE
test-471	FALSE	TRUE
test-472	TRUE	FALSE
test-473	TRUE	FALSE
test-474	FALSE	TRUE
test-475	TRUE	FALSE
test-476	FALSE	TRUE
test-477	FALSE	TRUE
test-478	TRUE	FALSE
test-479	TRUE	FALSE
test-480	FALSE	TRUE
test-481	TRUE	FALSE
test-482	FALSE	TRUE
test-483	TRUE	FALSE
test-484	TRUE	FALSE
test-485	FALSE	TRUE
test-486	FALSE	TRUE
test-487	TRUE	FALSE
test-488	FALSE	TRUE
test-489	TRUE	FALSE
test-490	TRUE	FALSE
test-491	TRUE	FALSE
test-492	FALSE	TRUE
test-493	FALSE	TRUE
test-494	FALSE	TRUE
test-495	TRUE	FALSE
test-496	FALSE	TRUE
test-497	FALSE	TRUE
test-498	TRUE	FALSE
test-499	TRUE	FALSE
test-500	TRUE	FALSE
test-501	FALSE	TRUE
test-502	FALSE	TRUE
test-503	FALSE	TRUE
test-504	TRUE	FALSE
test-505	FALSE	TRUE
test-506	FALSE	TRUE
test-507	TRUE	FALSE
test-508	TRUE	FALSE
test-509	TRUE	FALSE
test-510	FALSE	TRUE
test-511	FALSE	TRUE
test-512	FALSE	TRUE
test-513	TRUE	FALSE
test-514	TRUE	FALSE
test-515	FALSE	TRUE
test-516	FALSE	TRUE
test-517	TRUE	FALSE
test-518	FALSE	TRUE
test-519	FALSE	TRUE
test-520	FALSE	TRUE
test-521	TRUE	FALSE
test-522	FALSE	TRUE
test-523	TRUE	FALSE
test-524	FALSE	TRUE
test-525	FALSE	TRUE
test-526	TRUE	FALSE
test-527	TRUE	FALSE
test-528	TRUE	FALSE
test-529	TRUE	FALSE
test-530	FALSE	TRUE
test-531	TRUE	FALSE
test-532	FALSE	TRUE
test-533	TRUE	FALSE
test-534	FALSE	TRUE
test-535	TRUE	FALSE
test-536	TRUE	FALSE
test-537	TRUE	FALSE
test-538	FALSE	TRUE
test-539	FALSE	TRUE
test-540	FALSE	TRUE
test-541	TRUE	FALSE
test-542	FALSE	TRUE
test-543	FALSE	TRUE
test-544	FALSE	TRUE
test-545	TRUE	FALSE
test-546	TRUE	FALSE
test-547	TRUE	FALSE
test-548	FALSE	TRUE
test-549	TRUE	FALSE
test-550	FALSE	TRUE
test-551	FALSE	TRUE
test-552	FALSE	TRUE
test-553	TRUE	FALSE
test-554	FALSE	TRUE
test-555	TRUE	FALSE
test-556	FALSE	TRUE
test-557	TRUE	FALSE
test-558	FALSE	TRUE
test-559	FALSE	TRUE
test-560	FALSE	TRUE
test-561	TRUE	FALSE
test-562	TRUE	FALSE
test-563	FALSE	TRUE
test-564	TRUE	FALSE
test-565	FALSE	TRUE
test-566	FALSE	TRUE
test-567	FALSE	TRUE
test-568	TRUE	FALSE
test-569	FALSE	TRUE
test-570	FALSE	TRUE
test-571	FALSE	TRUE
test-572	TRUE	FALSE
test-573	FALSE	TRUE
test-574	FALSE	TRUE
test-575	FALSE	TRUE
test-576	FALSE	TRUE
test-577	TRUE	FALSE
test-578	TRUE	FALSE
test-579	FALSE	TRUE
test-580	FALSE	TRUE
test-581	FALSE	TRUE
test-582	TRUE	FALSE
test-583	TRUE	FALSE
test-584	FALSE	TRUE
test-585	FALSE	TRUE
test-586	FALSE	TRUE
test-587	FALSE	TRUE
test-588	FALSE	TRUE
test-589	TRUE	FALSE
test-590	TRUE	FALSE
test-591	TRUE	FALSE
test-592	FALSE	TRUE
test-593	FALSE	TRUE
test-594	TRUE	FALSE
test-595	FALSE	TRUE
test-596	FALSE	TRUE
test-597	TRUE	FALSE
test-598	TRUE	FALSE
test-599	FALSE	TRUE
test-600	FALSE	TRUE
test-601	FALSE	TRUE
test-602	TRUE	FALSE
test-603	TRUE	FALSE
test-604	FALSE	TRUE
test-605	FALSE	TRUE
test-606	FALSE	TRUE
test-607	FALSE	TRUE
test-608	FALSE	TRUE
test-609	TRUE	FALSE
test-610	FALSE	TRUE
test-611	TRUE	FALSE
test-612	TRUE	FALSE
test-613	FALSE	TRUE
test-614	FALSE	TRUE
test-615	FALSE	TRUE
test-616	FALSE	TRUE
test-617	FALSE	TRUE
test-618	FALSE	TRUE
test-619	FALSE	TRUE
test-620	TRUE	FALSE
test-621	FALSE	TRUE
test-622	FALSE	TRUE
test-623	FALSE	TRUE
test-624	TRUE	FALSE
test-625	TRUE	FALSE
test-626	FALSE	TRUE
test-627	TRUE	FALSE
test-628	FALSE	TRUE
test-629	FALSE	TRUE
test-630	FALSE	TRUE
test-631	FALSE	TRUE
test-632	FALSE	TRUE
test-633	TRUE	FALSE
test-634	TRUE	FALSE
test-635	TRUE	FALSE
test-636	FALSE	TRUE
test-637	FALSE	TRUE
test-638	FALSE	TRUE
test-639	TRUE	FALSE
test-640	TRUE	FALSE
test-641	TRUE	FALSE
test-642	TRUE	FALSE
test-643	TRUE	FALSE
test-644	TRUE	FALSE
test-645	TRUE	FALSE
test-646	TRUE	FALSE
test-647	TRUE	FALSE
test-648	FALSE	TRUE
test-649	TRUE	FALSE
test-650	FALSE	TRUE
test-651	FALSE	TRUE
test-652	FALSE	TRUE
test-653	TRUE	FALSE
test-654	TRUE	FALSE
test-655	FALSE	TRUE
test-656	TRUE	FALSE
test-657	FALSE	TRUE
test-658	FALSE	TRUE
test-659	FALSE	TRUE
test-660	FALSE	TRUE
test-661	TRUE	FALSE
test-662	FALSE	TRUE
test-663	FALSE	TRUE
test-664	TRUE	FALSE
test-665	TRUE	FALSE
test-666	TRUE	FALSE
test-667	FALSE	TRUE
test-668	FALSE	TRUE
test-669	TRUE	FALSE
test-670	FALSE	TRUE
test-671	TRUE	FALSE
test-672	TRUE	FALSE
test-673	TRUE	FALSE
test-674	FALSE	TRUE
test-675	TRUE	FALSE
test-676	FALSE	TRUE
test-677	FALSE	TRUE
test-678	TRUE	FALSE
test-679	TRUE	FALSE
test-680	TRUE	FALSE
test-681	TRUE	FALSE
test-682	FALSE	TRUE
test-683	TRUE	FALSE
test-684	FALSE	TRUE
test-685	TRUE	FALSE
test-686	TRUE	FALSE
test-687	TRUE	FALSE
test-688	TRUE	FALSE
test-689	TRUE	FALSE
test-690	TRUE	FALSE
test-691	FALSE	TRUE
test-692	FALSE	TRUE
test-693	FALSE	TRUE
test-694	TRUE	FALSE
test-695	FALSE	TRUE
test-696	FALSE	TRUE
test-697	FALSE	TRUE
test-698	TRUE	FALSE
test-699	FALSE	TRUE
test-700	FALSE	TRUE
test-701	FALSE	TRUE
test-702	FALSE	TRUE
test-703	FALSE	TRUE
test-704	FALSE	TRUE
test-705	FALSE	TRUE
test-706	FALSE	TRUE
test-707	TRUE	FALSE
test-708	FALSE	TRUE
test-709	FALSE	TRUE
test-710	FALSE	TRUE
test-711	TRUE	FALSE
test-712	TRUE	FALSE
test-713	FALSE	TRUE
test-714	FALSE	TRUE
test-715	FALSE	TRUE
test-716	TRUE	FALSE
test-717	FALSE	TRUE
test-718	TRUE	FALSE
test-719	TRUE	FALSE
test-720	FALSE	TRUE
test-721	TRUE	FALSE
test-722	TRUE	FALSE
test-723	FALSE	TRUE
test-724	TRUE	FALSE
test-725	FALSE	TRUE
test-726	FALSE	TRUE
test-727	TRUE	FALSE
test-728	FALSE	TRUE
test-729	FALSE	TRUE
test-730	TRUE	FALSE
test-731	TRUE	FALSE
test-732	TRUE	FALSE
test-733	FALSE	TRUE
test-734	TRUE	FALSE
test-735	TRUE	FALSE
test-736	FALSE	TRUE
test-737	TRUE	FALSE
test-738	FALSE	TRUE
test-739	FALSE	TRUE
test-740	TRUE	FALSE
test-741	FALSE	TRUE
test-742	FALSE	TRUE
test-743	FALSE	TRUE
test-744	TRUE	FALSE
test-745	FALSE	TRUE
test-746	TRUE	FALSE
test-747	FALSE	TRUE
test-748	FALSE	TRUE
test-749	FALSE	TRUE
test-750	TRUE	FALSE
test-751	TRUE	FALSE
test-752	FALSE	TRUE
test-753	FALSE	TRUE
test-754	TRUE	FALSE
test-755	FALSE	TRUE
test-756	FALSE	TRUE
test-757	TRUE	FALSE
test-758	TRUE	FALSE
test-759	TRUE	FALSE
test-760	TRUE	FALSE
test-761	TRUE	FALSE
test-762	FALSE	TRUE
test-763	TRUE	FALSE
test-764	TRUE	FALSE
test-765	FALSE	TRUE
test-766	FALSE	TRUE
test-767	FALSE	TRUE
test-768	FALSE	TRUE
test-769	FALSE	TRUE
test-770	TRUE	FALSE
test-771	TRUE	FALSE
test-772	FALSE	TRUE
test-773	FALSE	TRUE
test-774	TRUE	FALSE
test-775	FALSE	TRUE
test-776	FALSE	TRUE
test-777	TRUE	FALSE
test-778	FALSE	TRUE
test-779	TRUE	FALSE
test-780	TRUE	FALSE
test-781	FALSE	TRUE
test-782	TRUE	FALSE
test-783	TRUE	FALSE
test-784	FALSE	TRUE
test-785	TRUE	FALSE
test-786	TRUE	FALSE
test-787	FALSE	TRUE
test-788	FALSE	TRUE
test-789	FALSE	TRUE
test-790	TRUE	FALSE
test-791	TRUE	FALSE
test-792	TRUE	FALSE
test-793	FALSE	TRUE
test-794	FALSE	TRUE
test-795	TRUE	FALSE
test-796	TRUE	FALSE
test-797	FALSE	TRUE
test-798	FALSE	TRUE
test-799	FALSE	TRUE
test-800	FALSE	TRUE
test-801	TRUE	FALSE
test-802	FALSE	TRUE
test-803	FALSE	TRUE
test-804	TRUE	FALSE
test-805	TRUE	FALSE
test-806	FALSE	TRUE
test-807	FALSE	TRUE
test-808	TRUE	FALSE
test-809	TRUE	FALSE
test-810	TRUE	FALSE
test-811	TRUE	FALSE
test-812	FALSE	TRUE
test-813	FALSE	TRUE
test-814	TRUE	FALSE
test-815	TRUE	FALSE
test-816	FALSE	TRUE
test-817	TRUE	FALSE
test-818	FALSE	TRUE
test-819	FALSE	TRUE
test-820	FALSE	TRUE
test-821	FALSE	TRUE
test-822	TRUE	FALSE
test-823	TRUE	FALSE
test-824	TRUE	FALSE
test-825	FALSE	TRUE
test-826	FALSE	TRUE
test-827	TRUE	FALSE
test-828	FALSE	TRUE
test-829	FALSE	TRUE
test-830	FALSE	TRUE
test-831	TRUE	FALSE
test-832	TRUE	FALSE
test-833	FALSE	TRUE
test-834	TRUE	FALSE
test-835	FALSE	TRUE
test-836	FALSE	TRUE
test-837	TRUE	FALSE
test-838	FALSE	TRUE
test-839	FALSE	TRUE
test-840	TRUE	FALSE
test-841	TRUE	FALSE
test-842	TRUE	FALSE
test-843	FALSE	TRUE
test-844	TRUE	FALSE
test-845	FALSE	TRUE
test-846	TRUE	FALSE
test-847	TRUE	FALSE
test-848	TRUE	FALSE
test-849	FALSE	TRUE
test-850	FALSE	TRUE
test-851	TRUE	FALSE
test-852	TRUE	FALSE
test-853	TRUE	FALSE
test-854	FALSE	TRUE
test-855	FALSE	TRUE
test-856	TRUE	FALSE
test-857	TRUE	FALSE
test-858	FALSE	TRUE
test-859	FALSE	TRUE
test-860	TRUE	FALSE
test-861	TRUE	FALSE
test-862	FALSE	TRUE
test-863	FALSE	TRUE
test-864	FALSE	TRUE
test-865	FALSE	TRUE
test-866	FALSE	TRUE
test-867	FALSE	TRUE
test-868	TRUE	FALSE
test-869	FALSE	TRUE
test-870	FALSE	TRUE
test-871	TRUE	FALSE
test-872	FALSE	TRUE
test-873	TRUE	FALSE
test-874	TRUE	FALSE
test-875	FALSE	TRUE
test-876	TRUE	FALSE
test-877	TRUE	FALSE
test-878	TRUE	FALSE
test-879	FALSE	TRUE
test-880	TRUE	FALSE
test-881	TRUE	FALSE
test-882	TRUE	FALSE
test-883	TRUE	FALSE
test-884	FALSE	TRUE
test-885	FALSE	TRUE
test-886	TRUE	FALSE
test-887	TRUE	FALSE
test-888	FALSE	TRUE
test-889	FALSE	TRUE
test-890	FALSE	TRUE
test-891	TRUE	FALSE
test-892	FALSE	TRUE
test-893	FALSE	TRUE
test-894	FALSE	TRUE
test-895	TRUE	FALSE
test-896	FALSE	TRUE
test-897	TRUE	FALSE
test-898	FALSE	TRUE
test-899	FALSE	TRUE
test-900	TRUE	FALSE
test-901	TRUE	FALSE
test-902	FALSE	TRUE
test-903	FALSE	TRUE
test-904	TRUE	FALSE
test-905	TRUE	FALSE
test-906	TRUE	FALSE
test-907	TRUE	FALSE
test-908	FALSE	TRUE
test-909	FALSE	TRUE
test-910	TRUE	FALSE
test-911	TRUE	FALSE
test-912	FALSE	TRUE
test-913	TRUE	FALSE
test-914	FALSE	TRUE
test-915	FALSE	TRUE
test-916	TRUE	FALSE
test-917	TRUE	FALSE
test-918	TRUE	FALSE
test-919	FALSE	TRUE
test-920	FALSE	TRUE
test-921	FALSE	TRUE
test-922	FALSE	TRUE
test-923	FALSE	TRUE
test-924	FALSE	TRUE
test-925	TRUE	FALSE
test-926	FALSE	TRUE
test-927	TRUE	FALSE
test-928	TRUE	FALSE
test-929	FALSE	TRUE
test-930	TRUE	FALSE
test-931	TRUE	FALSE
test-932	TRUE	FALSE
test-933	FALSE	TRUE
test-934	FALSE	TRUE
test-935	FALSE	TRUE
test-936	TRUE	FALSE
test-937	FALSE	TRUE
test-938	TRUE	FALSE
test-939	FALSE	TRUE
test-940	TRUE	FALSE
test-941	FALSE	TRUE
test-942	FALSE	TRUE
test-943	TRUE	FALSE
test-944	FALSE	TRUE
test-945	TRUE	FALSE
test-946	TRUE	FALSE
test-947	FALSE	TRUE
test-948	TRUE	FALSE
test-949	FALSE	TRUE
test-950	FALSE	TRUE
test-951	FALSE	TRUE
test-952	TRUE	FALSE
test-953	FALSE	TRUE
test-954	TRUE	FALSE
test-955	FALSE	TRUE
test-956	FALSE	TRUE
test-957	TRUE	FALSE
test-958	TRUE	FALSE
test-959	FALSE	TRUE
test-960	TRUE	FALSE
test-961	TRUE	FALSE
test-962	TRUE	FALSE
test-963	FALSE	TRUE
test-964	FALSE	TRUE
test-965	FALSE	TRUE
test-966	FALSE	TRUE
test-967	FALSE	TRUE
test-968	FALSE	TRUE
test-969	TRUE	FALSE
test-970	TRUE	FALSE
test-971	FALSE	TRUE
test-972	TRUE	FALSE
test-973	FALSE	TRUE
test-974	FALSE	TRUE
test-975	TRUE	FALSE
test-976	FALSE	TRUE
test-977	TRUE	FALSE
test-978	FALSE	TRUE
test-979	FALSE	TRUE
test-980	FALSE	TRUE
test-981	FALSE	TRUE
test-982	TRUE	FALSE
test-983	TRUE	FALSE
test-984	TRUE	FALSE
test-985	TRUE	FALSE
test-986	FALSE	TRUE
test-987	TRUE	FALSE
test-988	TRUE	FALSE
test-989	FALSE	TRUE
test-990	FALSE	TRUE
test-991	FALSE	TRUE
test-992	FALSE	TRUE
test-993	TRUE	FALSE
test-994	FALSE	TRUE
test-995	TRUE	FALSE
test-996	TRUE	FALSE
test-997	TRUE	FALSE
test-998	FALSE	TRUE
test-999	TRUE	FALSE
test-1000	TRUE	FALSE
test-1001	FALSE	TRUE
test-1002	FALSE	TRUE
test-1003	FALSE	TRUE
test-1004	FALSE	TRUE
test-1005	FALSE	TRUE
test-1006	FALSE	TRUE
test-1007	FALSE	TRUE
test-1008	FALSE	TRUE
test-1009	TRUE	FALSE
test-1010	TRUE	FALSE
test-1011	FALSE	TRUE
test-1012	TRUE	FALSE
test-1013	FALSE	TRUE
test-1014	FALSE	TRUE
test-1015	TRUE	FALSE
test-1016	FALSE	TRUE
test-1017	FALSE	TRUE
test-1018	FALSE	TRUE
test-1019	FALSE	TRUE
test-1020	TRUE	FALSE
test-1021	FALSE	TRUE
test-1022	FALSE	TRUE
test-1023	TRUE	FALSE
test-1024	FALSE	TRUE
test-1025	FALSE	TRUE
test-1026	FALSE	TRUE
test-1027	FALSE	TRUE
test-1028	FALSE	TRUE
test-1029	FALSE	TRUE
test-1030	TRUE	FALSE
test-1031	TRUE	FALSE
test-1032	TRUE	FALSE
test-1033	TRUE	FALSE
test-1034	TRUE	FALSE
test-1035	FALSE	TRUE
test-1036	FALSE	TRUE
test-1037	FALSE	TRUE
test-1038	TRUE	FALSE
test-1039	TRUE	FALSE
test-1040	FALSE	TRUE
test-1041	FALSE	TRUE
test-1042	FALSE	TRUE
test-1043	TRUE	FALSE
test-1044	TRUE	FALSE
test-1045	FALSE	TRUE
test-1046	TRUE	FALSE
test-1047	FALSE	TRUE
test-1048	TRUE	FALSE
test-1049	TRUE	FALSE
test-1050	TRUE	FALSE
test-1051	TRUE	FALSE
test-1052	TRUE	FALSE
test-1053	FALSE	TRUE
test-1054	FALSE	TRUE
test-1055	TRUE	FALSE
test-1056	FALSE	TRUE
test-1057	FALSE	TRUE
test-1058	TRUE	FALSE
test-1059	TRUE	FALSE
test-1060	FALSE	TRUE
test-1061	FALSE	TRUE
test-1062	TRUE	FALSE
test-1063	FALSE	TRUE
test-1064	FALSE	TRUE
test-1065	FALSE	TRUE
test-1066	TRUE	FALSE
test-1067	FALSE	TRUE
test-1068	TRUE	FALSE
test-1069	FALSE	TRUE
test-1070	TRUE	FALSE
test-1071	TRUE	FALSE
test-1072	TRUE	FALSE
test-1073	FALSE	TRUE
test-1074	FALSE	TRUE
test-1075	TRUE	FALSE
test-1076	FALSE	TRUE
test-1077	TRUE	FALSE
test-1078	FALSE	TRUE
test-1079	TRUE	FALSE
test-1080	FALSE	TRUE
test-1081	FALSE	TRUE
test-1082	FALSE	TRUE
test-1083	FALSE	TRUE
test-1084	FALSE	TRUE
test-1085	FALSE	TRUE
test-1086	FALSE	TRUE
test-1087	FALSE	TRUE
test-1088	TRUE	FALSE
test-1089	FALSE	TRUE
test-1090	FALSE	TRUE
test-1091	TRUE	FALSE
test-1092	TRUE	FALSE
test-1093	FALSE	TRUE
test-1094	FALSE	TRUE
test-1095	TRUE	FALSE
test-1096	FALSE	TRUE
test-1097	TRUE	FALSE
test-1098	TRUE	FALSE
test-1099	FALSE	TRUE
test-1100	FALSE	TRUE
test-1101	FALSE	TRUE
test-1102	FALSE	TRUE
test-1103	FALSE	TRUE
test-1104	TRUE	FALSE
test-1105	TRUE	FALSE
test-1106	TRUE	FALSE
test-1107	FALSE	TRUE
test-1108	TRUE	FALSE
test-1109	TRUE	FALSE
test-1110	TRUE	FALSE
test-1111	FALSE	TRUE
test-1112	TRUE	FALSE
test-1113	TRUE	FALSE
test-1114	TRUE	FALSE
test-1115	FALSE	TRUE
test-1116	TRUE	FALSE
test-1117	TRUE	FALSE
test-1118	TRUE	FALSE
test-1119	FALSE	TRUE
test-1120	FALSE	TRUE
test-1121	TRUE	FALSE
test-1122	TRUE	FALSE
test-1123	FALSE	TRUE
test-1124	TRUE	FALSE
test-1125	FALSE	TRUE
test-1126	FALSE	TRUE
test-1127	FALSE	TRUE
test-1128	TRUE	FALSE
test-1129	TRUE	FALSE
test-1130	TRUE	FALSE
test-1131	TRUE	FALSE
test-1132	FALSE	TRUE
test-1133	FALSE	TRUE
test-1134	TRUE	FALSE
test-1135	TRUE	FALSE
test-1136	FALSE	TRUE
test-1137	TRUE	FALSE
test-1138	FALSE	TRUE
test-1139	TRUE	FALSE
test-1140	FALSE	TRUE
test-1141	TRUE	FALSE
test-1142	TRUE	FALSE
test-1143	TRUE	FALSE
test-1144	FALSE	TRUE
test-1145	TRUE	FALSE
test-1146	TRUE	FALSE
test-1147	FALSE	TRUE
test-1148	TRUE	FALSE
test-1149	FALSE	TRUE
test-1150	FALSE	TRUE
test-1151	TRUE	FALSE
test-1152	TRUE	FALSE
test-1153	FALSE	TRUE
test-1154	TRUE	FALSE
test-1155	TRUE	FALSE
test-1156	TRUE	FALSE
test-1157	FALSE	TRUE
test-1158	FALSE	TRUE
test-1159	FALSE	TRUE
test-1160	TRUE	FALSE
test-1161	FALSE	TRUE
test-1162	TRUE	FALSE
test-1163	TRUE	FALSE
test-1164	TRUE	FALSE
test-1165	FALSE	TRUE
test-1166	FALSE	TRUE
test-1167	TRUE	FALSE
test-1168	FALSE	TRUE
test-1169	TRUE	FALSE
test-1170	FALSE	TRUE
test-1171	TRUE	FALSE
test-1172	TRUE	FALSE
test-1173	FALSE	TRUE
test-1174	TRUE	FALSE
test-1175	FALSE	TRUE
test-1176	FALSE	TRUE
test-1177	FALSE	TRUE
test-1178	TRUE	FALSE
test-1179	TRUE	FALSE
test-1180	TRUE	FALSE
test-1181	TRUE	FALSE
test-1182	FALSE	TRUE
test-1183	TRUE	FALSE
test-1184	FALSE	TRUE
test-1185	FALSE	TRUE
test-1186	FALSE	TRUE
test-1187	FALSE	TRUE
test-1188	FALSE	TRUE
test-1189	FALSE	TRUE
test-1190	TRUE	FALSE
test-1191	FALSE	TRUE
test-1192	TRUE	FALSE
test-1193	FALSE	TRUE
test-1194	FALSE	TRUE
test-1195	FALSE	TRUE
test-1196	FALSE	TRUE
test-1197	FALSE	TRUE
test-1198	FALSE	TRUE
test-1199	TRUE	FALSE
test-1200	TRUE	FALSE
test-1201	TRUE	FALSE
test-1202	TRUE	FALSE
test-1203	FALSE	TRUE
test-1204	TRUE	FALSE
test-1205	FALSE	TRUE
test-1206	FALSE	TRUE
test-1207	FALSE	TRUE
test-1208	TRUE	FALSE
test-1209	TRUE	FALSE
test-1210	FALSE	TRUE
test-1211	TRUE	FALSE
test-1212	FALSE	TRUE
test-1213	FALSE	TRUE
test-1214	TRUE	FALSE
test-1215	FALSE	TRUE
test-1216	FALSE	TRUE
test-1217	TRUE	FALSE
test-1218	FALSE	TRUE
test-1219	TRUE	FALSE
test-1220	FALSE	TRUE
test-1221	TRUE	FALSE
test-1222	FALSE	TRUE
test-1223	TRUE	FALSE
test-1224	TRUE	FALSE
test-1225	FALSE	TRUE
test-1226	FALSE	TRUE
test-1227	FALSE	TRUE
test-1228	FALSE	TRUE
test-1229	TRUE	FALSE
test-1230	TRUE	FALSE
test-1231	FALSE	TRUE
test-1232	FALSE	TRUE
test-1233	TRUE	FALSE
test-1234	TRUE	FALSE
test-1235	FALSE	TRUE
test-1236	TRUE	FALSE
test-1237	FALSE	TRUE
test-1238	FALSE	TRUE
test-1239	FALSE	TRUE
test-1240	TRUE	FALSE
test-1241	TRUE	FALSE
test-1242	TRUE	FALSE
test-1243	FALSE	TRUE
test-1244	FALSE	TRUE
test-1245	FALSE	TRUE
test-1246	FALSE	TRUE
test-1247	TRUE	FALSE
test-1248	TRUE	FALSE
test-1249	FALSE	TRUE
test-1250	FALSE	TRUE
test-1251	FALSE	TRUE
test-1252	FALSE	TRUE
test-1253	FALSE	TRUE
test-1254	FALSE	TRUE
test-1255	TRUE	FALSE
test-1256	TRUE	FALSE
test-1257	FALSE	TRUE
test-1258	TRUE	FALSE
test-1259	TRUE	FALSE
test-1260	FALSE	TRUE
test-1261	TRUE	FALSE
test-1262	FALSE	TRUE
test-1263	FALSE	TRUE
test-1264	TRUE	FALSE
test-1265	FALSE	TRUE
test-1266	TRUE	FALSE
test-1267	FALSE	TRUE
test-1268	TRUE	FALSE
test-1269	TRUE	FALSE
test-1270	FALSE	TRUE
test-1271	FALSE	TRUE
test-1272	TRUE	FALSE
test-1273	FALSE	TRUE
test-1274	FALSE	TRUE
test-1275	TRUE	FALSE
test-1276	TRUE	FALSE
test-1277	TRUE	FALSE
test-1278	FALSE	TRUE
test-1279	TRUE	FALSE
test-1280	FALSE	TRUE
test-1281	TRUE	FALSE
test-1282	TRUE	FALSE
test-1283	TRUE	FALSE
test-1284	TRUE	FALSE
test-1285	TRUE	FALSE
test-1286	TRUE	FALSE
test-1287	TRUE	FALSE
test-1288	FALSE	TRUE
test-1289	TRUE	FALSE
test-1290	FALSE	TRUE
test-1291	TRUE	FALSE
test-1292	FALSE	TRUE
test-1293	FALSE	TRUE
test-1294	FALSE	TRUE
test-1295	FALSE	TRUE
test-1296	TRUE	FALSE
test-1297	FALSE	TRUE
test-1298	FALSE	TRUE
test-1299	TRUE	FALSE
test-1300	FALSE	TRUE
test-1301	TRUE	FALSE
test-1302	TRUE	FALSE
test-1303	TRUE	FALSE
test-1304	FALSE	TRUE
test-1305	TRUE	FALSE
test-1306	TRUE	FALSE
test-1307	FALSE	TRUE
test-1308	TRUE	FALSE
test-1309	TRUE	FALSE
test-1310	FALSE	TRUE
test-1311	FALSE	TRUE
test-1312	TRUE	FALSE
test-1313	TRUE	FALSE
test-1314	FALSE	TRUE
test-1315	TRUE	FALSE
test-1316	TRUE	FALSE
test-1317	FALSE	TRUE
test-1318	FALSE	TRUE
test-1319	TRUE	FALSE
test-1320	TRUE	FALSE
test-1321	FALSE	TRUE
test-1322	FALSE	TRUE
test-1323	TRUE	FALSE
test-1324	FALSE	TRUE
test-1325	FALSE	TRUE
test-1326	FALSE	TRUE
test-1327	FALSE	TRUE
test-1328	FALSE	TRUE
test-1329	TRUE	FALSE
test-1330	FALSE	TRUE
test-1331	TRUE	FALSE
test-1332	TRUE	FALSE
test-1333	FALSE	TRUE
test-1334	TRUE	FALSE
test-1335	FALSE	TRUE
test-1336	TRUE	FALSE
test-1337	TRUE	FALSE
test-1338	FALSE	TRUE
test-1339	TRUE	FALSE
test-1340	FALSE	TRUE
test-1341	FALSE	TRUE
test-1342	FALSE	TRUE
test-1343	TRUE	FALSE
test-1344	FALSE	TRUE
test-1345	FALSE	TRUE
test-1346	TRUE	FALSE
test-1347	FALSE	TRUE
test-1348	FALSE	TRUE
test-1349	TRUE	FALSE
test-1350	FALSE	TRUE
test-1351	TRUE	FALSE
test-1352	TRUE	FALSE
test-1353	FALSE	TRUE
test-1354	TRUE	FALSE
test-1355	FALSE	TRUE
test-1356	TRUE	FALSE
test-1357	FALSE	TRUE
test-1358	TRUE	FALSE
test-1359	TRUE	FALSE
test-1360	FALSE	TRUE
test-1361	TRUE	FALSE
test-1362	FALSE	TRUE
test-1363	TRUE	FALSE
test-1364	FALSE	TRUE
test-1365	FALSE	TRUE
test-1366	FALSE	TRUE
test-1367	FALSE	TRUE
test-1368	FALSE	TRUE
test-1369	TRUE	FALSE
test-1370	TRUE	FALSE
test-1371	FALSE	TRUE
test-1372	FALSE	TRUE
test-1373	FALSE	TRUE
test-1374	TRUE	FALSE
test-1375	FALSE	TRUE
test-1376	FALSE	TRUE
test-1377	FALSE	TRUE
test-1378	TRUE	FALSE
test-1379	FALSE	TRUE
test-1380	TRUE	FALSE
test-1381	TRUE	FALSE
test-1382	FALSE	TRUE
test-1383	FALSE	TRUE
test-1384	FALSE	TRUE
test-1385	TRUE	FALSE
test-1386	TRUE	FALSE
test-1387	FALSE	TRUE
test-1388	TRUE	FALSE
test-1389	FALSE	TRUE
test-1390	FALSE	TRUE
test-1391	TRUE	FALSE
test-1392	FALSE	TRUE
test-1393	FALSE	TRUE
test-1394	TRUE	FALSE
test-1395	FALSE	TRUE
test-1396	TRUE	FALSE
test-1397	FALSE	TRUE
test-1398	TRUE	FALSE
test-1399	FALSE	TRUE
test-1400	FALSE	TRUE
test-1401	FALSE	TRUE
test-1402	FALSE	TRUE
test-1403	FALSE	TRUE
test-1404	FALSE	TRUE
test-1405	TRUE	FALSE
test-1406	FALSE	TRUE
test-1407	TRUE	FALSE
test-1408	FALSE	TRUE
test-1409	TRUE	FALSE
test-1410	TRUE	FALSE
test-1411	TRUE	FALSE
test-1412	FALSE	TRUE
test-1413	FALSE	TRUE
test-1414	FALSE	TRUE
test-1415	FALSE	TRUE
test-1416	TRUE	FALSE
test-1417	FALSE	TRUE
test-1418	TRUE	FALSE
test-1419	TRUE	FALSE
test-1420	FALSE	TRUE
test-1421	FALSE	TRUE
test-1422	TRUE	FALSE
test-1423	FALSE	TRUE
test-1424	TRUE	FALSE
test-1425	TRUE	FALSE
test-1426	TRUE	FALSE
test-1427	FALSE	TRUE
test-1428	FALSE	TRUE
test-1429	TRUE	FALSE
test-1430	TRUE	FALSE
test-1431	TRUE	FALSE
test-1432	FALSE	TRUE
test-1433	TRUE	FALSE
test-1434	FALSE	TRUE
test-1435	FALSE	TRUE
test-1436	TRUE	FALSE
test-1437	FALSE	TRUE
test-1438	TRUE	FALSE
test-1439	TRUE	FALSE
test-1440	TRUE	FALSE
test-1441	FALSE	TRUE
test-1442	FALSE	TRUE
test-1443	TRUE	FALSE
test-1444	FALSE	TRUE
test-1445	TRUE	FALSE
test-1446	TRUE	FALSE
test-1447	FALSE	TRUE
test-1448	TRUE	FALSE
test-1449	FALSE	TRUE
test-1450	FALSE	TRUE
test-1451	FALSE	TRUE
test-1452	FALSE	TRUE
test-1453	TRUE	FALSE
test-1454	TRUE	FALSE
test-1455	TRUE	FALSE
test-1456	FALSE	TRUE
test-1457	FALSE	TRUE
test-1458	FALSE	TRUE
test-1459	TRUE	FALSE
test-1460	FALSE	TRUE
test-1461	FALSE	TRUE
test-1462	TRUE	FALSE
test-1463	FALSE	TRUE
test-1464	FALSE	TRUE
test-1465	TRUE	FALSE
test-1466	FALSE	TRUE
test-1467	TRUE	FALSE
test-1468	FALSE	TRUE
test-1469	FALSE	TRUE
test-1470	FALSE	TRUE
test-1471	FALSE	TRUE
test-1472	TRUE	FALSE
test-1473	FALSE	TRUE
test-1474	TRUE	FALSE
test-1475	TRUE	FALSE
test-1476	TRUE	FALSE
test-1477	FALSE	TRUE
test-1478	FALSE	TRUE
test-1479	FALSE	TRUE
test-1480	FALSE	TRUE
test-1481	TRUE	FALSE
test-1482	FALSE	TRUE
test-1483	TRUE	FALSE
test-1484	TRUE	FALSE
test-1485	TRUE	FALSE
test-1486	FALSE	TRUE
test-1487	FALSE	TRUE
test-1488	FALSE	TRUE
test-1489	TRUE	FALSE
test-1490	FALSE	TRUE
test-1491	TRUE	FALSE
test-1492	TRUE	FALSE
test-1493	FALSE	TRUE
test-1494	FALSE	TRUE
test-1495	FALSE	TRUE
test-1496	FALSE	TRUE
test-1497	FALSE	TRUE
test-1498	TRUE	FALSE
test-1499	TRUE	FALSE
test-1500	TRUE	FALSE
test-1501	TRUE	FALSE
test-1502	FALSE	TRUE
test-1503	FALSE	TRUE
test-1504	FALSE	TRUE
test-1505	TRUE	FALSE
test-1506	FALSE	TRUE
test-1507	TRUE	FALSE
test-1508	FALSE	TRUE
test-1509	FALSE	TRUE
test-1510	TRUE	FALSE
test-1511	TRUE	FALSE
test-1512	TRUE	FALSE
test-1513	FALSE	TRUE
test-1514	TRUE	FALSE
test-1515	FALSE	TRUE
test-1516	TRUE	FALSE
test-1517	FALSE	TRUE
test-1518	TRUE	FALSE
test-1519	TRUE	FALSE
test-1520	FALSE	TRUE
test-1521	TRUE	FALSE
test-1522	FALSE	TRUE
test-1523	TRUE	FALSE
test-1524	TRUE	FALSE
test-1525	FALSE	TRUE
test-1526	TRUE	FALSE
test-1527	TRUE	FALSE
test-1528	FALSE	TRUE
test-1529	FALSE	TRUE
test-1530	FALSE	TRUE
test-1531	TRUE	FALSE
test-1532	TRUE	FALSE
test-1533	TRUE	FALSE
test-1534	TRUE	FALSE
test-1535	TRUE	FALSE
test-1536	FALSE	TRUE
test-1537	FALSE	TRUE
test-1538	TRUE	FALSE
test-1539	FALSE	TRUE
test-1540	FALSE	TRUE
test-1541	TRUE	FALSE
test-1542	FALSE	TRUE
test-1543	TRUE	FALSE
test-1544	TRUE	FALSE
test-1545	FALSE	TRUE
test-1546	TRUE	FALSE
test-1547	TRUE	FALSE
test-1548	FALSE	TRUE
test-1549	TRUE	FALSE
test-1550	TRUE	FALSE
test-1551	FALSE	TRUE
test-1552	FALSE	TRUE
test-1553	TRUE	FALSE
test-1554	TRUE	FALSE
test-1555	FALSE	TRUE
test-1556	FALSE	TRUE
test-1557	TRUE	FALSE
test-1558	FALSE	TRUE
test-1559	FALSE	TRUE
test-1560	TRUE	FALSE
test-1561	TRUE	FALSE
test-1562	TRUE	FALSE
test-1563	TRUE	FALSE
test-1564	TRUE	FALSE
test-1565	TRUE	FALSE
test-1566	FALSE	TRUE
test-1567	FALSE	TRUE
test-1568	FALSE	TRUE
test-1569	FALSE	TRUE
test-1570	TRUE	FALSE
test-1571	FALSE	TRUE
test-1572	TRUE	FALSE
test-1573	FALSE	TRUE
test-1574	FALSE	TRUE
test-1575	FALSE	TRUE
test-1576	FALSE	TRUE
test-1577	TRUE	FALSE
test-1578	FALSE	TRUE
test-1579	FALSE	TRUE
test-1580	TRUE	FALSE
test-1581	FALSE	TRUE
test-1582	FALSE	TRUE
test-1583	FALSE	TRUE
test-1584	TRUE	FALSE
test-1585	TRUE	FALSE
test-1586	FALSE	TRUE
test-1587	FALSE	TRUE
test-1588	FALSE	TRUE
test-1589	TRUE	FALSE
test-1590	TRUE	FALSE
test-1591	FALSE	TRUE
test-1592	FALSE	TRUE
test-1593	FALSE	TRUE
test-1594	FALSE	TRUE
test-1595	FALSE	TRUE
test-1596	FALSE	TRUE
test-1597	TRUE	FALSE
test-1598	FALSE	TRUE
test-1599	FALSE	TRUE
test-1600	FALSE	TRUE
test-1601	TRUE	FALSE
test-1602	FALSE	TRUE
test-1603	FALSE	TRUE
test-1604	TRUE	FALSE
test-1605	TRUE	FALSE
test-1606	TRUE	FALSE
test-1607	FALSE	TRUE
test-1608	FALSE	TRUE
test-1609	FALSE	TRUE
test-1610	TRUE	FALSE
test-1611	TRUE	FALSE
test-1612	TRUE	FALSE
test-1613	FALSE	TRUE
test-1614	TRUE	FALSE
test-1615	FALSE	TRUE
test-1616	FALSE	TRUE
test-1617	TRUE	FALSE
test-1618	FALSE	TRUE
test-1619	TRUE	FALSE
test-1620	FALSE	TRUE
test-1621	TRUE	FALSE
test-1622	TRUE	FALSE
test-1623	FALSE	TRUE
test-1624	FALSE	TRUE
test-1625	TRUE	FALSE
test-1626	TRUE	FALSE
test-1627	FALSE	TRUE
test-1628	FALSE	TRUE
test-1629	FALSE	TRUE
test-1630	TRUE	FALSE
test-1631	TRUE	FALSE
test-1632	FALSE	TRUE
test-1633	FALSE	TRUE
test-1634	TRUE	FALSE
test-1635	FALSE	TRUE
test-1636	FALSE	TRUE
test-1637	FALSE	TRUE
test-1638	FALSE	TRUE
test-1639	TRUE	FALSE
test-1640	FALSE	TRUE
test-1641	FALSE	TRUE
test-1642	FALSE	TRUE
test-1643	TRUE	FALSE
test-1644	FALSE	TRUE
test-1645	FALSE	TRUE
test-1646	TRUE	FALSE
test-1647	TRUE	FALSE
test-1648	FALSE	TRUE
test-1649	FALSE	TRUE
test-1650	FALSE	TRUE
test-1651	FALSE	TRUE
test-1652	TRUE	FALSE
test-1653	TRUE	FALSE
test-1654	FALSE	TRUE
test-1655	TRUE	FALSE
test-1656	TRUE	FALSE
test-1657	TRUE	FALSE
test-1658	TRUE	FALSE
test-1659	FALSE	TRUE
test-1660	TRUE	FALSE
test-1661	FALSE	TRUE
test-1662	TRUE	FALSE
test-1663	TRUE	FALSE
test-1664	FALSE	TRUE
test-1665	FALSE	TRUE
test-1666	FALSE	TRUE
test-1667	TRUE	FALSE
test-1668	TRUE	FALSE
test-1669	TRUE	FALSE
test-1670	FALSE	TRUE
test-1671	TRUE	FALSE
test-1672	FALSE	TRUE
test-1673	TRUE	FALSE
test-1674	FALSE	TRUE
test-1675	FALSE	TRUE
test-1676	TRUE	FALSE
test-1677	TRUE	FALSE
test-1678	FALSE	TRUE
test-1679	TRUE	FALSE
test-1680	FALSE	TRUE
test-1681	FALSE	TRUE
test-1682	TRUE	FALSE
test-1683	TRUE	FALSE
test-1684	TRUE	FALSE
test-1685	FALSE	TRUE
test-1686	TRUE	FALSE
test-1687	FALSE	TRUE
test-1688	FALSE	TRUE
test-1689	FALSE	TRUE
test-1690	FALSE	TRUE
test-1691	TRUE	FALSE
test-1692	FALSE	TRUE
test-1693	FALSE	TRUE
test-1694	TRUE	FALSE
test-1695	FALSE	TRUE
test-1696	TRUE	FALSE
test-1697	FALSE	TRUE
test-1698	FALSE	TRUE
test-1699	TRUE	FALSE
test-1700	TRUE	FALSE
test-1701	TRUE	FALSE
test-1702	FALSE	TRUE
test-1703	FALSE	TRUE
test-1704	FALSE	TRUE
test-1705	TRUE	FALSE
test-1706	TRUE	FALSE
test-1707	TRUE	FALSE
test-1708	FALSE	TRUE
test-1709	FALSE	TRUE
test-1710	TRUE	FALSE
test-1711	TRUE	FALSE
test-1712	FALSE	TRUE
test-1713	TRUE	FALSE
test-1714	FALSE	TRUE
test-1715	FALSE	TRUE
test-1716	FALSE	TRUE
test-1717	TRUE	FALSE
test-1718	TRUE	FALSE
test-1719	FALSE	TRUE
test-1720	FALSE	TRUE
test-1721	TRUE	FALSE
test-1722	TRUE	FALSE
test-1723	FALSE	TRUE
test-1724	TRUE	FALSE
test-1725	TRUE	FALSE
test-1726	TRUE	FALSE
test-1727	FALSE	TRUE
test-1728	TRUE	FALSE
test-1729	TRUE	FALSE
test-1730	TRUE	FALSE
test-1731	FALSE	TRUE
test-1732	TRUE	FALSE
test-1733	FALSE	TRUE
test-1734	TRUE	FALSE
test-1735	FALSE	TRUE
test-1736	FALSE	TRUE
test-1737	FALSE	TRUE
test-1738	FALSE	TRUE
test-1739	TRUE	FALSE
test-1740	TRUE	FALSE
test-1741	FALSE	TRUE
test-1742	FALSE	TRUE
test-1743	TRUE	FALSE
test-1744	FALSE	TRUE
test-1745	FALSE	TRUE
test-1746	TRUE	FALSE
test-1747	FALSE	TRUE
test-1748	FALSE	TRUE
test-1749	FALSE	TRUE
test-1750	FALSE	TRUE
test-1751	FALSE	TRUE
test-1752	TRUE	FALSE
test-1753	TRUE	FALSE
test-1754	FALSE	TRUE
test-1755	FALSE	TRUE
test-1756	TRUE	FALSE
test-1757	TRUE	FALSE
test-1758	FALSE	TRUE
test-1759	FALSE	TRUE
test-1760	FALSE	TRUE
test-1761	FALSE	TRUE
test-1762	FALSE	TRUE
test-1763	FALSE	TRUE
test-1764	FALSE	TRUE
test-1765	FALSE	TRUE
test-1766	TRUE	FALSE
test-1767	TRUE	FALSE
test-1768	FALSE	TRUE
test-1769	FALSE	TRUE
test-1770	TRUE	FALSE
test-1771	FALSE	TRUE
test-1772	FALSE	TRUE
test-1773	FALSE	TRUE
test-1774	TRUE	FALSE
test-1775	FALSE	TRUE
test-1776	FALSE	TRUE
test-1777	TRUE	FALSE
test-1778	TRUE	FALSE
test-1779	FALSE	TRUE
test-1780	TRUE	FALSE
test-1781	FALSE	TRUE
test-1782	FALSE	TRUE
test-1783	FALSE	TRUE
test-1784	TRUE	FALSE
test-1785	TRUE	FALSE
test-1786	FALSE	TRUE
test-1787	TRUE	FALSE
test-1788	FALSE	TRUE
test-1789	TRUE	FALSE
test-1790	FALSE	TRUE
test-1791	FALSE	TRUE
test-1792	TRUE	FALSE
test-1793	FALSE	TRUE
test-1794	TRUE	FALSE
test-1795	FALSE	TRUE
test-1796	TRUE	FALSE
test-1797	FALSE	TRUE
test-1798	FALSE	TRUE
test-1799	FALSE	TRUE
test-1800	TRUE	FALSE
test-1801	TRUE	FALSE
test-1802	TRUE	FALSE
test-1803	TRUE	FALSE
test-1804	FALSE	TRUE
test-1805	TRUE	FALSE
test-1806	TRUE	FALSE
test-1807	FALSE	TRUE
test-1808	FALSE	TRUE
test-1809	TRUE	FALSE
test-1810	FALSE	TRUE
test-1811	FALSE	TRUE
test-1812	TRUE	FALSE
test-1813	FALSE	TRUE
test-1814	FALSE	TRUE
test-1815	FALSE	TRUE
test-1816	FALSE	TRUE
test-1817	TRUE	FALSE
test-1818	TRUE	FALSE
test-1819	FALSE	TRUE
test-1820	TRUE	FALSE
test-1821	TRUE	FALSE
test-1822	FALSE	TRUE
test-1823	FALSE	TRUE
test-1824	FALSE	TRUE
test-1825	TRUE	FALSE
test-1826	FALSE	TRUE
test-1827	FALSE	TRUE
test-1828	FALSE	TRUE
test-1829	FALSE	TRUE
test-1830	FALSE	TRUE
test-1831	TRUE	FALSE
test-1832	FALSE	TRUE
test-1833	TRUE	FALSE
test-1834	FALSE	TRUE
test-1835	TRUE	FALSE
test-1836	FALSE	TRUE
test-1837	TRUE	FALSE
test-1838	TRUE	FALSE
test-1839	TRUE	FALSE
test-1840	TRUE	FALSE
test-1841	TRUE	FALSE
test-1842	TRUE	FALSE
test-1843	FALSE	TRUE
test-1844	TRUE	FALSE
test-1845	TRUE	FALSE
test-1846	TRUE	FALSE
test-1847	FALSE	TRUE
test-1848	FALSE	TRUE
test-1849	FALSE	TRUE
test-1850	TRUE	FALSE
test-1851	TRUE	FALSE
test-1852	FALSE	TRUE
test-1853	TRUE	FALSE
test-1854	FALSE	TRUE
test-1855	TRUE	FALSE
test-1856	FALSE	TRUE
test-1857	TRUE	FALSE
test-1858	FALSE	TRUE
test-1859	FALSE	TRUE
test-1860	TRUE	FALSE
test-1861	TRUE	FALSE
test-1862	TRUE	FALSE
test-1863	TRUE	FALSE
test-1864	FALSE	TRUE
test-1865	TRUE	FALSE
test-1866	FALSE	TRUE
test-1867	FALSE	TRUE
test-1868	FALSE	TRUE
test-1869	TRUE	FALSE
test-1870	FALSE	TRUE
test-1871	FALSE	TRUE
test-1872	TRUE	FALSE
test-1873	FALSE	TRUE
test-1874	FALSE	TRUE
test-1875	FALSE	TRUE
test-1876	TRUE	FALSE
test-1877	FALSE	TRUE
test-1878	FALSE	TRUE
test-1879	FALSE	TRUE
test-1880	TRUE	FALSE
test-1881	FALSE	TRUE
test-1882	FALSE	TRUE
test-1883	TRUE	FALSE
test-1884	FALSE	TRUE
test-1885	TRUE	FALSE
test-1886	TRUE	FALSE
test-1887	FALSE	TRUE
test-1888	TRUE	FALSE
test-1889	FALSE	TRUE
test-1890	TRUE	FALSE
test-1891	FALSE	TRUE
test-1892	TRUE	FALSE
test-1893	FALSE	TRUE
test-1894	TRUE	FALSE
test-1895	FALSE	TRUE
test-1896	FALSE	TRUE
test-1897	FALSE	TRUE
test-1898	FALSE	TRUE
test-1899	TRUE	FALSE
test-1900	TRUE	FALSE
test-1901	FALSE	TRUE
test-1902	TRUE	FALSE
test-1903	TRUE	FALSE
test-1904	TRUE	FALSE
test-1905	FALSE	TRUE
test-1906	FALSE	TRUE
test-1907	FALSE	TRUE
test-1908	TRUE	FALSE
test-1909	TRUE	FALSE
test-1910	TRUE	FALSE
test-1911	TRUE	FALSE
test-1912	FALSE	TRUE
test-1913	TRUE	FALSE
test-1914	TRUE	FALSE
test-1915	FALSE	TRUE
test-1916	TRUE	FALSE
test-1917	TRUE	FALSE
test-1918	FALSE	TRUE
test-1919	FALSE	TRUE
test-1920	TRUE	FALSE
test-1921	TRUE	FALSE
test-1922	TRUE	FALSE
test-1923	FALSE	TRUE
test-1924	FALSE	TRUE
test-1925	TRUE	FALSE
test-1926	FALSE	TRUE
test-1927	TRUE	FALSE
test-1928	TRUE	FALSE
test-1929	TRUE	FALSE
test-1930	FALSE	TRUE
test-1931	TRUE	FALSE
test-1932	TRUE	FALSE
test-1933	TRUE	FALSE
test-1934	TRUE	FALSE
test-1935	FALSE	TRUE
test-1936	FALSE	TRUE
test-1937	TRUE	FALSE
test-1938	FALSE	TRUE
test-1939	TRUE	FALSE
test-1940	TRUE	FALSE
test-1941	TRUE	FALSE
test-1942	FALSE	TRUE
test-1943	FALSE	TRUE
test-1944	FALSE	TRUE
test-1945	TRUE	FALSE
test-1946	FALSE	TRUE
test-1947	TRUE	FALSE
test-1948	FALSE	TRUE
test-1949	FALSE	TRUE
test-1950	FALSE	TRUE
test-1951	FALSE	TRUE
test-1952	TRUE	FALSE
test-1953	TRUE	FALSE
test-1954	TRUE	FALSE
test-1955	TRUE	FALSE
test-1956	FALSE	TRUE
test-1957	FALSE	TRUE
test-1958	FALSE	TRUE
test-1959	FALSE	TRUE
test-1960	FALSE	TRUE
test-1961	TRUE	FALSE
test-1962	FALSE	TRUE
test-1963	TRUE	FALSE
test-1964	TRUE	FALSE
test-1965	FALSE	TRUE
test-1966	FALSE	TRUE
test-1967	TRUE	FALSE
test-1968	FALSE	TRUE
test-1969	FALSE	TRUE
test-1970	FALSE	TRUE
test-1971	TRUE	FALSE
test-1972	TRUE	FALSE
test-1973	TRUE	FALSE
test-1974	FALSE	TRUE
test-1975	FALSE	TRUE
test-1976	FALSE	TRUE
test-1977	TRUE	FALSE
test-1978	TRUE	FALSE
test-1979	FALSE	TRUE
test-1980	TRUE	FALSE
test-1981	FALSE	TRUE
test-1982	FALSE	TRUE
test-1983	FALSE	TRUE
test-1984	FALSE	TRUE
test-1985	TRUE	FALSE
test-1986	TRUE	FALSE
test-1987	FALSE	TRUE
test-1988	FALSE	TRUE
test-1989	TRUE	FALSE
test-1990	FALSE	TRUE
test-1991	FALSE	TRUE
test-1992	TRUE	FALSE
test-1993	FALSE	TRUE
test-1994	FALSE	TRUE
test-1995	FALSE	TRUE
test-1996	TRUE	FALSE
test-1997	FALSE	TRUE
test-1998	FALSE	TRUE
test-1999	TRUE	FALSE
test-2000	FALSE	TRUE
